9361	Dasypus novemcinctus	1f8cd7da867632c4ee8fda91a9859a6b	https://ftp.ncbi.nlm.nih.gov/genomes/all/GCF/030/445/035/GCF_030445035.2_mDasNov1.1.hap2/GCF_030445035.2_mDasNov1.1.hap2_genomic.gff.gz	GCF_030445035.2	https://ftp.ncbi.nlm.nih.gov/genomes/all/GCF/030/445/035/GCF_030445035.2_mDasNov1.1.hap2/GCF_030445035.2_mDasNov1.1.hap2_genomic.fna.gz	100.0	0.8	99.2	0.0	0.0
9365	Erinaceus europaeus	82fa0905abdb095e7f5d3b5d0cc4bfef	https://ftp.ebi.ac.uk/pub/ensemblorganisms/GCA/950/295/315/1/ensembl/2024_09/geneset/genes.gff3.gz	GCA_950295315.1	https://ftp.ncbi.nlm.nih.gov/genomes/all/GCA/950/295/315/GCA_950295315.1_mEriEur2.1/GCA_950295315.1_mEriEur2.1_genomic.fna.gz	98.4	1.6	96.9	0.8	0.8
9375	Talpa europaea	52593e3e4ca1b4569f599e9de689f24f	https://ftp.ncbi.nlm.nih.gov/genomes/all/GCF/964/194/135/GCF_964194135.1_mTalEur1.hap1.1/GCF_964194135.1_mTalEur1.hap1.1_genomic.gff.gz	GCF_964194135.1	https://ftp.ncbi.nlm.nih.gov/genomes/all/GCF/964/194/135/GCF_964194135.1_mTalEur1.hap1.1/GCF_964194135.1_mTalEur1.hap1.1_genomic.fna.gz	99.2	5.4	93.8	0.8	0.0
9402	Pteropus alecto	2879d625bc481948b045f5f721f0fe49	https://ftp.ncbi.nlm.nih.gov/genomes/all/GCF/000/325/575/GCF_000325575.1_ASM32557v1/GCF_000325575.1_ASM32557v1_genomic.gff.gz	GCF_000325575.1	https://ftp.ncbi.nlm.nih.gov/genomes/all/GCF/000/325/575/GCF_000325575.1_ASM32557v1/GCF_000325575.1_ASM32557v1_genomic.fna.gz	97.7	1.6	96.1	2.3	0.0
9407	Rousettus aegyptiacus	88b005277768b3d283993e69b6582b0d	https://ftp.ncbi.nlm.nih.gov/genomes/all/GCF/014/176/215/GCF_014176215.1_mRouAeg1.p/GCF_014176215.1_mRouAeg1.p_genomic.gff.gz	GCF_014176215.1	https://ftp.ncbi.nlm.nih.gov/genomes/all/GCF/014/176/215/GCF_014176215.1_mRouAeg1.p/GCF_014176215.1_mRouAeg1.p_genomic.fna.gz	99.2	0.8	98.4	0.8	0.0
9417	Artibeus jamaicensis	c39179f33f5c772369726d4bc69bccb4	https://ftp.ncbi.nlm.nih.gov/genomes/all/GCF/021/234/435/GCF_021234435.1_CSHL_Jam_final/GCF_021234435.1_CSHL_Jam_final_genomic.gff.gz	GCF_021234435.1	https://ftp.ncbi.nlm.nih.gov/genomes/all/GCF/021/234/435/GCF_021234435.1_CSHL_Jam_final/GCF_021234435.1_CSHL_Jam_final_genomic.fna.gz	99.2	3.1	96.1	0.8	0.0
9423	Phyllostomus hastatus	a5108b7feb96db858342984978c61d0e	https://ftp.ncbi.nlm.nih.gov/genomes/all/GCF/019/186/645/GCF_019186645.2_TTU_PhHast_1.1/GCF_019186645.2_TTU_PhHast_1.1_genomic.gff.gz	GCF_019186645.2	https://ftp.ncbi.nlm.nih.gov/genomes/all/GCF/019/186/645/GCF_019186645.2_TTU_PhHast_1.1/GCF_019186645.2_TTU_PhHast_1.1_genomic.fna.gz	100.0	1.6	98.4	0.0	0.0
9430	Desmodus rotundus	0479f32e0100c15092ebdea97af18941	https://ftp.ncbi.nlm.nih.gov/genomes/all/GCF/022/682/495/GCF_022682495.2_HLdesRot8A.1/GCF_022682495.2_HLdesRot8A.1_genomic.gff.gz	GCF_022682495.2	https://ftp.ncbi.nlm.nih.gov/genomes/all/GCF/022/682/495/GCF_022682495.2_HLdesRot8A.1/GCF_022682495.2_HLdesRot8A.1_genomic.fna.gz	99.2	1.6	97.7	0.8	0.0
9447	Lemur catta	cf36fc51b5846d2d671872e304037729	https://ftp.ncbi.nlm.nih.gov/genomes/all/GCF/020/740/605/GCF_020740605.2_mLemCat1.pri/GCF_020740605.2_mLemCat1.pri_genomic.gff.gz	GCF_020740605.2	https://ftp.ncbi.nlm.nih.gov/genomes/all/GCF/020/740/605/GCF_020740605.2_mLemCat1.pri/GCF_020740605.2_mLemCat1.pri_genomic.fna.gz	100.0	3.9	96.1	0.0	0.0
9470	Nycticebus coucang	5bd32e53f6958105624ac5ef5df0578d	https://ftp.ncbi.nlm.nih.gov/genomes/all/GCF/027/406/575/GCF_027406575.1_mNycCou1.pri/GCF_027406575.1_mNycCou1.pri_genomic.gff.gz	GCF_027406575.1	https://ftp.ncbi.nlm.nih.gov/genomes/all/GCF/027/406/575/GCF_027406575.1_mNycCou1.pri/GCF_027406575.1_mNycCou1.pri_genomic.fna.gz	99.2	14.0	85.3	0.8	0.0
9483	Callithrix jacchus	21f7b32fd40b53534d6015c505b0510c	https://ftp.ncbi.nlm.nih.gov/genomes/all/GCF/049/354/715/GCF_049354715.1_calJac240_pri/GCF_049354715.1_calJac240_pri_genomic.gff.gz	GCF_049354715.1	https://ftp.ncbi.nlm.nih.gov/genomes/all/GCF/049/354/715/GCF_049354715.1_calJac240_pri/GCF_049354715.1_calJac240_pri_genomic.fna.gz	99.2	3.9	95.3	0.8	0.0
9515	Sapajus apella	c309c79c73bd3d1184434adeb45b9be2	https://ftp.ncbi.nlm.nih.gov/genomes/all/GCF/009/761/245/GCF_009761245.1_GSC_monkey_1.0/GCF_009761245.1_GSC_monkey_1.0_genomic.gff.gz	GCF_009761245.1	https://ftp.ncbi.nlm.nih.gov/genomes/all/GCF/009/761/245/GCF_009761245.1_GSC_monkey_1.0/GCF_009761245.1_GSC_monkey_1.0_genomic.fna.gz	99.2	3.9	95.3	0.8	0.0
9531	Cercocebus atys	7f5e767317c2f3640459e1b0337afc92	https://ftp.ncbi.nlm.nih.gov/genomes/all/GCF/000/955/945/GCF_000955945.1_Caty_1.0/GCF_000955945.1_Caty_1.0_genomic.gff.gz	GCF_000955945.1	https://ftp.ncbi.nlm.nih.gov/genomes/all/GCF/000/955/945/GCF_000955945.1_Caty_1.0/GCF_000955945.1_Caty_1.0_genomic.fna.gz	96.9	0.8	96.1	3.1	0.0
9544	Macaca mulatta	14bde36efc5bd2c1e2a7b72bc61ca4af	https://ftp.ncbi.nlm.nih.gov/genomes/all/GCF/003/339/765/GCF_003339765.1_Mmul_10/GCF_003339765.1_Mmul_10_genomic.gff.gz	GCF_003339765.1	https://ftp.ncbi.nlm.nih.gov/genomes/all/GCF/003/339/765/GCF_003339765.1_Mmul_10/GCF_003339765.1_Mmul_10_genomic.fna.gz	97.7	0.8	96.9	2.3	0.0
9555	Papio anubis	b9b49d3892819d04d37b98a84c11925c	https://ftp.ebi.ac.uk/pub/ensemblorganisms/GCA/008/728/515/1/ensembl/2021_02/geneset/genes.gff3.gz	GCA_008728515.1	https://ftp.ncbi.nlm.nih.gov/genomes/all/GCA/008/728/515/GCA_008728515.1_Panubis1.0/GCA_008728515.1_Panubis1.0_genomic.fna.gz	96.9	2.3	94.6	1.6	1.6
9565	Theropithecus gelada	6b568bc7065a0fcddcd210bdf6dbdc37	https://ftp.ncbi.nlm.nih.gov/genomes/all/GCF/040/869/185/GCF_040869185.1_ASM4086918v1/GCF_040869185.1_ASM4086918v1_genomic.gff.gz	GCF_040869185.1	https://ftp.ncbi.nlm.nih.gov/genomes/all/GCF/040/869/185/GCF_040869185.1_ASM4086918v1/GCF_040869185.1_ASM4086918v1_genomic.fna.gz	99.2	2.3	96.9	0.8	0.0
9589	Hylobates pileatus	c58ccdd2db826e89d175a7bafed91b42	https://ftp.ebi.ac.uk/pub/ensemblorganisms/GCA/021/498/465/1/ensembl/2022_07/geneset/genes.gff3.gz	GCA_021498465.1	https://ftp.ncbi.nlm.nih.gov/genomes/all/GCA/021/498/465/GCA_021498465.1_ASM2149846v1/GCA_021498465.1_ASM2149846v1_genomic.fna.gz	96.1	0.8	95.3	3.1	0.8
9590	Symphalangus syndactylus	1406b4d3c9ac0f5b113d975e52f6605e	https://ftp.ebi.ac.uk/pub/ensemblorganisms/GCA/028/878/055/3/ensembl/2025_04/geneset/genes.gff3.gz	GCA_028878055.3	https://ftp.ncbi.nlm.nih.gov/genomes/all/GCA/028/878/055/GCA_028878055.3_NHGRI_mSymSyn1-v2.1_pri/GCA_028878055.3_NHGRI_mSymSyn1-v2.1_pri_genomic.fna.gz	98.4	2.3	96.1	1.6	0.0
9595	Gorilla gorilla gorilla	4d2cdd1ca6de7354a920015fde17680f	https://ftp.ncbi.nlm.nih.gov/genomes/all/GCF/029/281/585/GCF_029281585.2_NHGRI_mGorGor1-v2.1_pri/GCF_029281585.2_NHGRI_mGorGor1-v2.1_pri_genomic.gff.gz	GCF_029281585.2	https://ftp.ncbi.nlm.nih.gov/genomes/all/GCF/029/281/585/GCF_029281585.2_NHGRI_mGorGor1-v2.1_pri/GCF_029281585.2_NHGRI_mGorGor1-v2.1_pri_genomic.fna.gz	97.7	3.1	94.6	2.3	0.0
9598	Pan troglodytes	6c41b61ed7b5edc4637a1c4eccb1f571	https://ftp.ebi.ac.uk/pub/ensemblorganisms/GCA/000/001/515/5/ensembl/2020_03/geneset/genes.gff3.gz	GCA_000001515.5	https://ftp.ncbi.nlm.nih.gov/genomes/all/GCA/000/001/515/GCA_000001515.5_Pan_tro_3.0/GCA_000001515.5_Pan_tro_3.0_genomic.fna.gz	98.4	9.3	89.1	1.6	0.0
9606	Homo sapiens	d8c8451e6dadbaab8618b44ad27e0263	https://ftp.ebi.ac.uk/pub/ensemblorganisms/GCA/021/950/905/1/ensembl/2022_07/geneset/genes.gff3.gz	GCA_021950905.1	https://ftp.ncbi.nlm.nih.gov/genomes/all/GCA/021/950/905/GCA_021950905.1_HG002.pat.cur.20211005/GCA_021950905.1_HG002.pat.cur.20211005_genomic.fna.gz	97.7	0.8	96.9	2.3	0.0
9615	Canis lupus familiaris	2bf998eb004ca80dcc8ed2d892c7d830	https://ftp.ncbi.nlm.nih.gov/genomes/all/GCF/000/002/285/GCF_000002285.5_Dog10K_Boxer_Tasha/GCF_000002285.5_Dog10K_Boxer_Tasha_genomic.gff.gz	GCF_000002285.5	https://ftp.ncbi.nlm.nih.gov/genomes/all/GCF/000/002/285/GCF_000002285.5_Dog10K_Boxer_Tasha/GCF_000002285.5_Dog10K_Boxer_Tasha_genomic.fna.gz	100.0	3.9	96.1	0.0	0.0
9627	Vulpes vulpes	1e9b1f5a30fd6b766e6a8d956221e960	https://ftp.ncbi.nlm.nih.gov/genomes/all/GCF/048/418/805/GCF_048418805.1_VulVul3/GCF_048418805.1_VulVul3_genomic.gff.gz	GCF_048418805.1	https://ftp.ncbi.nlm.nih.gov/genomes/all/GCF/048/418/805/GCF_048418805.1_VulVul3/GCF_048418805.1_VulVul3_genomic.fna.gz	99.2	4.7	94.6	0.8	0.0
9643	Ursus americanus	655a6479dd8d358b59f8e61aa9fecd3e	https://ftp.ncbi.nlm.nih.gov/genomes/all/GCF/020/975/775/GCF_020975775.1_gsc_jax_bbear_1.0/GCF_020975775.1_gsc_jax_bbear_1.0_genomic.gff.gz	GCF_020975775.1	https://ftp.ncbi.nlm.nih.gov/genomes/all/GCF/020/975/775/GCF_020975775.1_gsc_jax_bbear_1.0/GCF_020975775.1_gsc_jax_bbear_1.0_genomic.fna.gz	99.2	0.8	98.4	0.8	0.0
9644	Ursus arctos	d4e8c4ff34cfa84fc5bc529a00eccd55	https://ftp.ncbi.nlm.nih.gov/genomes/all/GCF/023/065/955/GCF_023065955.2_UrsArc2.0/GCF_023065955.2_UrsArc2.0_genomic.gff.gz	GCF_023065955.2	https://ftp.ncbi.nlm.nih.gov/genomes/all/GCF/023/065/955/GCF_023065955.2_UrsArc2.0/GCF_023065955.2_UrsArc2.0_genomic.fna.gz	100.0	0.8	99.2	0.0	0.0
9646	Ailuropoda melanoleuca	ee0e92dc7f4dffe8d566a4d053d37a6e	https://ftp.ncbi.nlm.nih.gov/genomes/all/GCF/002/007/445/GCF_002007445.2_ASM200744v3/GCF_002007445.2_ASM200744v3_genomic.gff.gz	GCF_002007445.2	https://ftp.ncbi.nlm.nih.gov/genomes/all/GCF/002/007/445/GCF_002007445.2_ASM200744v3/GCF_002007445.2_ASM200744v3_genomic.fna.gz	99.2	1.6	97.7	0.8	0.0
9657	Lutra lutra	24038fd15ba0b844102c31d386b04436	https://ftp.ncbi.nlm.nih.gov/genomes/all/GCF/902/655/055/GCF_902655055.1_mLutLut1.2/GCF_902655055.1_mLutLut1.2_genomic.gff.gz	GCF_902655055.1	https://ftp.ncbi.nlm.nih.gov/genomes/all/GCF/902/655/055/GCF_902655055.1_mLutLut1.2/GCF_902655055.1_mLutLut1.2_genomic.fna.gz	100.0	10.1	89.9	0.0	0.0
9659	Martes foina	e58a18cdfec4d5dad8dadceac8657752	https://ftp.ebi.ac.uk/pub/ensemblorganisms/GCA/964/304/585/1/ensembl/2025_04/geneset/genes.gff3.gz	GCA_964304585.1	https://ftp.ncbi.nlm.nih.gov/genomes/all/GCA/964/304/585/GCA_964304585.1_mMarFoi2.1/GCA_964304585.1_mMarFoi2.1_genomic.fna.gz	97.7	0.8	96.9	1.6	0.8
9662	Meles meles	1139939172af7a8f28d8b65b21d827ca	https://ftp.ncbi.nlm.nih.gov/genomes/all/GCF/922/984/935/GCF_922984935.1_mMelMel3.1_paternal_haplotype/GCF_922984935.1_mMelMel3.1_paternal_haplotype_genomic.gff.gz	GCF_922984935.1	https://ftp.ncbi.nlm.nih.gov/genomes/all/GCF/922/984/935/GCF_922984935.1_mMelMel3.1_paternal_haplotype/GCF_922984935.1_mMelMel3.1_paternal_haplotype_genomic.fna.gz	100.0	4.7	95.3	0.0	0.0
9666	Mustela lutreola	1b041ddb64c34c1256a080d35929b55d	https://ftp.ncbi.nlm.nih.gov/genomes/all/GCF/030/435/805/GCF_030435805.1_mMusLut2.pri/GCF_030435805.1_mMusLut2.pri_genomic.gff.gz	GCF_030435805.1	https://ftp.ncbi.nlm.nih.gov/genomes/all/GCF/030/435/805/GCF_030435805.1_mMusLut2.pri/GCF_030435805.1_mMusLut2.pri_genomic.fna.gz	99.2	4.7	94.6	0.8	0.0
9669	Mustela putorius furo	b4786649c7f50fcb5ca3c9a5a028b8d2	https://ftp.ncbi.nlm.nih.gov/genomes/all/GCF/011/764/305/GCF_011764305.1_ASM1176430v1.1/GCF_011764305.1_ASM1176430v1.1_genomic.gff.gz	GCF_011764305.1	https://ftp.ncbi.nlm.nih.gov/genomes/all/GCF/011/764/305/GCF_011764305.1_ASM1176430v1.1/GCF_011764305.1_ASM1176430v1.1_genomic.fna.gz	99.2	5.4	93.8	0.8	0.0
9678	Crocuta crocuta	e649fd3ee6dd13bc4f916cef55495b7c	https://ftp.ncbi.nlm.nih.gov/genomes/all/GCF/008/692/635/GCF_008692635.1_BGI_CrCroc_1.0/GCF_008692635.1_BGI_CrCroc_1.0_genomic.gff.gz	GCF_008692635.1	https://ftp.ncbi.nlm.nih.gov/genomes/all/GCF/008/692/635/GCF_008692635.1_BGI_CrCroc_1.0/GCF_008692635.1_BGI_CrCroc_1.0_genomic.fna.gz	99.2	1.6	97.7	0.8	0.0
9685	Felis catus	b5b6517c06ff3b147faf14a893cc5ae7	https://ftp.ncbi.nlm.nih.gov/genomes/all/GCF/018/350/175/GCF_018350175.1_F.catus_Fca126_mat1.0/GCF_018350175.1_F.catus_Fca126_mat1.0_genomic.gff.gz	GCF_018350175.1	https://ftp.ncbi.nlm.nih.gov/genomes/all/GCF/018/350/175/GCF_018350175.1_F.catus_Fca126_mat1.0/GCF_018350175.1_F.catus_Fca126_mat1.0_genomic.fna.gz	99.2	1.6	97.7	0.8	0.0
9690	Panthera onca	1babac1fdc0d2858032d16a53d296ae8	https://ftp.ncbi.nlm.nih.gov/genomes/all/GCF/046/562/875/GCF_046562875.1_mPanOnc1_haplotype_2/GCF_046562875.1_mPanOnc1_haplotype_2_genomic.gff.gz	GCF_046562875.1	https://ftp.ncbi.nlm.nih.gov/genomes/all/GCF/046/562/875/GCF_046562875.1_mPanOnc1_haplotype_2/GCF_046562875.1_mPanOnc1_haplotype_2_genomic.fna.gz	99.2	1.6	97.7	0.8	0.0
9691	Panthera pardus	031da8868621d77d05922bcfd66a16bd	https://ftp.ncbi.nlm.nih.gov/genomes/all/GCF/024/362/965/GCF_024362965.1_ASM2436296v1/GCF_024362965.1_ASM2436296v1_genomic.gff.gz	GCF_024362965.1	https://ftp.ncbi.nlm.nih.gov/genomes/all/GCF/024/362/965/GCF_024362965.1_ASM2436296v1/GCF_024362965.1_ASM2436296v1_genomic.fna.gz	98.4	3.1	95.3	0.8	0.8
9696	Puma concolor	53f2cc2c21717a206e8929e651c57b95	https://ftp.ncbi.nlm.nih.gov/genomes/all/GCF/028/749/965/GCF_028749965.1_mPumCon1.1.hap2/GCF_028749965.1_mPumCon1.1.hap2_genomic.gff.gz	GCF_028749965.1	https://ftp.ncbi.nlm.nih.gov/genomes/all/GCF/028/749/965/GCF_028749965.1_mPumCon1.1.hap2/GCF_028749965.1_mPumCon1.1.hap2_genomic.fna.gz	100.0	0.0	100.0	0.0	0.0
9704	Zalophus californianus	faa39d17374fc9e7d7717c4c26a1d868	https://ftp.ncbi.nlm.nih.gov/genomes/all/GCF/009/762/305/GCF_009762305.2_mZalCal1.pri.v2/GCF_009762305.2_mZalCal1.pri.v2_genomic.gff.gz	GCF_009762305.2	https://ftp.ncbi.nlm.nih.gov/genomes/all/GCF/009/762/305/GCF_009762305.2_mZalCal1.pri.v2/GCF_009762305.2_mZalCal1.pri.v2_genomic.fna.gz	99.2	13.2	86.0	0.8	0.0
9708	Odobenus rosmarus divergens	9e7fcffb62a6348151c32dc4de538450	https://ftp.ncbi.nlm.nih.gov/genomes/all/GCF/000/321/225/GCF_000321225.1_Oros_1.0/GCF_000321225.1_Oros_1.0_genomic.gff.gz	GCF_000321225.1	https://ftp.ncbi.nlm.nih.gov/genomes/all/GCF/000/321/225/GCF_000321225.1_Oros_1.0/GCF_000321225.1_Oros_1.0_genomic.fna.gz	98.4	1.6	96.9	1.6	0.0
9711	Halichoerus grypus	c73022b21a0464b9bc99922cb72b3130	https://ftp.ebi.ac.uk/pub/ensemblorganisms/GCA/964/656/455/1/ensembl/2025_08/geneset/genes.gff3.gz	GCA_964656455.1	https://ftp.ncbi.nlm.nih.gov/genomes/all/GCA/964/656/455/GCA_964656455.1_mHalGry1.hap1.1/GCA_964656455.1_mHalGry1.hap1.1_genomic.fna.gz	100.0	1.6	98.4	0.0	0.0
9713	Leptonychotes weddellii	e7bf83e6b57f69b79008728d7a3ddb9c	https://ftp.ncbi.nlm.nih.gov/genomes/all/GCF/054/177/405/GCF_054177405.1_ASM5417740v2/GCF_054177405.1_ASM5417740v2_genomic.gff.gz	GCF_054177405.1	https://ftp.ncbi.nlm.nih.gov/genomes/all/GCF/054/177/405/GCF_054177405.1_ASM5417740v2/GCF_054177405.1_ASM5417740v2_genomic.fna.gz	89.9	4.7	85.3	7.8	2.3
9715	Mirounga leonina	3e011d54408d5c7e5eb02d6f01131da7	https://ftp.ncbi.nlm.nih.gov/genomes/all/GCF/011/800/145/GCF_011800145.1_KU_Mleo_1.0/GCF_011800145.1_KU_Mleo_1.0_genomic.gff.gz	GCF_011800145.1	https://ftp.ncbi.nlm.nih.gov/genomes/all/GCF/011/800/145/GCF_011800145.1_KU_Mleo_1.0/GCF_011800145.1_KU_Mleo_1.0_genomic.fna.gz	100.0	7.0	93.0	0.0	0.0
9716	Mirounga angustirostris	be9ba6d46b8823bc4fc0085821aebd02	https://ftp.ncbi.nlm.nih.gov/genomes/all/GCF/029/215/605/GCF_029215605.1_mMirAng1.0.hap1/GCF_029215605.1_mMirAng1.0.hap1_genomic.gff.gz	GCF_029215605.1	https://ftp.ncbi.nlm.nih.gov/genomes/all/GCF/029/215/605/GCF_029215605.1_mMirAng1.0.hap1/GCF_029215605.1_mMirAng1.0.hap1_genomic.fna.gz	99.2	6.2	93.0	0.8	0.0
9720	Phoca vitulina	c1e0031400cf189bb9709fd22c44982c	https://ftp.ncbi.nlm.nih.gov/genomes/all/GCF/004/348/235/GCF_004348235.1_GSC_HSeal_1.0/GCF_004348235.1_GSC_HSeal_1.0_genomic.gff.gz	GCF_004348235.1	https://ftp.ncbi.nlm.nih.gov/genomes/all/GCF/004/348/235/GCF_004348235.1_GSC_HSeal_1.0/GCF_004348235.1_GSC_HSeal_1.0_genomic.fna.gz	100.0	5.4	94.6	0.0	0.0
9728	Delphinus delphis	b93bcb6e4093f5207c19d204d9a34d93	https://ftp.ncbi.nlm.nih.gov/genomes/all/GCF/949/987/515/GCF_949987515.2_mDelDel1.2/GCF_949987515.2_mDelDel1.2_genomic.gff.gz	GCF_949987515.2	https://ftp.ncbi.nlm.nih.gov/genomes/all/GCF/949/987/515/GCF_949987515.2_mDelDel1.2/GCF_949987515.2_mDelDel1.2_genomic.fna.gz	100.0	3.1	96.9	0.0	0.0
9731	Globicephala melas	a6492aa57fabcaced6494236410736df	https://ftp.ncbi.nlm.nih.gov/genomes/all/GCF/963/455/315/GCF_963455315.2_mGloMel1.2/GCF_963455315.2_mGloMel1.2_genomic.gff.gz	GCF_963455315.2	https://ftp.ncbi.nlm.nih.gov/genomes/all/GCF/963/455/315/GCF_963455315.2_mGloMel1.2/GCF_963455315.2_mGloMel1.2_genomic.fna.gz	99.2	3.1	96.1	0.0	0.8
9733	Orcinus orca	0255325028087c9481ddf3db19a71fe9	https://ftp.ncbi.nlm.nih.gov/genomes/all/GCF/937/001/465/GCF_937001465.1_mOrcOrc1.1/GCF_937001465.1_mOrcOrc1.1_genomic.gff.gz	GCF_937001465.1	https://ftp.ncbi.nlm.nih.gov/genomes/all/GCF/937/001/465/GCF_937001465.1_mOrcOrc1.1/GCF_937001465.1_mOrcOrc1.1_genomic.fna.gz	99.2	5.4	93.8	0.0	0.8
9739	Tursiops truncatus	34666d8a1ed5da7534d37386d9ff0141	https://ftp.ncbi.nlm.nih.gov/genomes/all/GCF/011/762/595/GCF_011762595.2_mTurTru1.mat.Y/GCF_011762595.2_mTurTru1.mat.Y_genomic.gff.gz	GCF_011762595.2	https://ftp.ncbi.nlm.nih.gov/genomes/all/GCF/011/762/595/GCF_011762595.2_mTurTru1.mat.Y/GCF_011762595.2_mTurTru1.mat.Y_genomic.fna.gz	99.2	2.3	96.9	0.0	0.8
9742	Phocoena phocoena	1c0fda84eaae5195e423efe21e27b99e	https://ftp.ncbi.nlm.nih.gov/genomes/all/GCF/963/924/675/GCF_963924675.1_mPhoPho1.1/GCF_963924675.1_mPhoPho1.1_genomic.gff.gz	GCF_963924675.1	https://ftp.ncbi.nlm.nih.gov/genomes/all/GCF/963/924/675/GCF_963924675.1_mPhoPho1.1/GCF_963924675.1_mPhoPho1.1_genomic.fna.gz	100.0	3.1	96.9	0.0	0.0
9749	Delphinapterus leucas	f33e569824ff019edd3732bad543a766	https://ftp.ebi.ac.uk/pub/ensemblorganisms/GCA/035/221/355/1/ensembl/2025_01/geneset/genes.gff3.gz	GCA_035221355.1	https://ftp.ncbi.nlm.nih.gov/genomes/all/GCA/035/221/355/GCA_035221355.1_mDelLeu1_p1.0/GCA_035221355.1_mDelLeu1_p1.0_genomic.fna.gz	99.2	3.9	95.3	0.8	0.0
9755	Physeter macrocephalus	3a987445f28857c221a0e98f5fa8c11a	https://ftp.ncbi.nlm.nih.gov/genomes/all/GCF/002/837/175/GCF_002837175.3_ASM283717v5/GCF_002837175.3_ASM283717v5_genomic.gff.gz	GCF_002837175.3	https://ftp.ncbi.nlm.nih.gov/genomes/all/GCF/002/837/175/GCF_002837175.3_ASM283717v5/GCF_002837175.3_ASM283717v5_genomic.fna.gz	96.1	4.7	91.5	3.9	0.0
9764	Eschrichtius robustus	ae83aaa472d46dcc1395721ad1522148	https://ftp.ebi.ac.uk/pub/ensemblorganisms/GCA/028/021/215/1/ensembl/2024_04/geneset/genes.gff3.gz	GCA_028021215.1	https://ftp.ncbi.nlm.nih.gov/genomes/all/GCA/028/021/215/GCA_028021215.1_mEscRob2.pri/GCA_028021215.1_mEscRob2.pri_genomic.fna.gz	100.0	2.3	97.7	0.0	0.0
9767	Balaenoptera acutorostrata	b2a6a08ac84d5f4d81fd70f43ddaa61b	https://ftp.ncbi.nlm.nih.gov/genomes/all/GCF/949/987/535/GCF_949987535.1_mBalAcu1.1/GCF_949987535.1_mBalAcu1.1_genomic.gff.gz	GCF_949987535.1	https://ftp.ncbi.nlm.nih.gov/genomes/all/GCF/949/987/535/GCF_949987535.1_mBalAcu1.1/GCF_949987535.1_mBalAcu1.1_genomic.fna.gz	100.0	7.0	93.0	0.0	0.0
9768	Balaenoptera borealis	71bac098be5836a5087ad7352f4b2b39	https://ftp.ncbi.nlm.nih.gov/genomes/all/GCF/965/194/805/GCF_965194805.1_mBalBor1.hap1.1/GCF_965194805.1_mBalBor1.hap1.1_genomic.gff.gz	GCF_965194805.1	https://ftp.ncbi.nlm.nih.gov/genomes/all/GCF/965/194/805/GCF_965194805.1_mBalBor1.hap1.1/GCF_965194805.1_mBalBor1.hap1.1_genomic.fna.gz	99.2	0.8	98.4	0.8	0.0
9771	Balaenoptera musculus	9d0ad81ec4201a8020dc44fca15f7faa	https://ftp.ncbi.nlm.nih.gov/genomes/all/GCF/009/873/245/GCF_009873245.2_mBalMus1.pri.v3/GCF_009873245.2_mBalMus1.pri.v3_genomic.gff.gz	GCF_009873245.2	https://ftp.ncbi.nlm.nih.gov/genomes/all/GCF/009/873/245/GCF_009873245.2_mBalMus1.pri.v3/GCF_009873245.2_mBalMus1.pri.v3_genomic.fna.gz	100.0	7.0	93.0	0.0	0.0
9773	Megaptera novaeangliae	fb462808b00ed6c2f178d3b8c4ad3a8b	https://ftp.ncbi.nlm.nih.gov/genomes/all/GCA/041/834/305/GCA_041834305.1_ASM4183430v1/GCA_041834305.1_ASM4183430v1_genomic.gff.gz	GCA_041834305.1	https://ftp.ncbi.nlm.nih.gov/genomes/all/GCA/041/834/305/GCA_041834305.1_ASM4183430v1/GCA_041834305.1_ASM4183430v1_genomic.fna.gz	98.4	3.9	94.6	0.8	0.8
9785	Loxodonta africana	0d8e7b63a615e1e1a86c54193558e862	https://ftp.ebi.ac.uk/pub/ensemblorganisms/GCA/030/014/295/1/ensembl/2023_10/geneset/genes.gff3.gz	GCA_030014295.1	https://ftp.ncbi.nlm.nih.gov/genomes/all/GCA/030/014/295/GCA_030014295.1_mLoxAfr1.hap2/GCA_030014295.1_mLoxAfr1.hap2_genomic.fna.gz	98.4	2.3	96.1	1.6	0.0
9793	Equus asinus	3ebf06f8c6b79e49fd4353c94afbaa18	https://ftp.ebi.ac.uk/pub/ensemblorganisms/GCA/016/077/325/2/ensembl/2022_06/geneset/genes.gff3.gz	GCA_016077325.2	https://ftp.ncbi.nlm.nih.gov/genomes/all/GCA/016/077/325/GCA_016077325.2_ASM1607732v2/GCA_016077325.2_ASM1607732v2_genomic.fna.gz	99.2	2.3	96.9	0.8	0.0
9796	Equus caballus	c644fbf8f070b24736bf3ded18907328	https://ftp.ncbi.nlm.nih.gov/genomes/all/GCF/041/296/265/GCF_041296265.1_TB-T2T/GCF_041296265.1_TB-T2T_genomic.gff.gz	GCF_041296265.1	https://ftp.ncbi.nlm.nih.gov/genomes/all/GCF/041/296/265/GCF_041296265.1_TB-T2T/GCF_041296265.1_TB-T2T_genomic.fna.gz	100.0	1.6	98.4	0.0	0.0
9798	Equus przewalskii	5df5831605a2a05f3182b8aac8291f17	https://ftp.ncbi.nlm.nih.gov/genomes/all/GCF/037/783/145/GCF_037783145.1_EquPr2/GCF_037783145.1_EquPr2_genomic.gff.gz	GCF_037783145.1	https://ftp.ncbi.nlm.nih.gov/genomes/all/GCF/037/783/145/GCF_037783145.1_EquPr2/GCF_037783145.1_EquPr2_genomic.fna.gz	98.4	0.8	97.7	1.6	0.0
9823	Sus scrofa	8c642649c923d7b1cf5daad22866df73	https://ftp.ncbi.nlm.nih.gov/genomes/all/GCA/000/003/025/GCA_000003025.7_T2T-Sscrofa/GCA_000003025.7_T2T-Sscrofa_genomic.gff.gz	GCA_000003025.7	https://ftp.ncbi.nlm.nih.gov/genomes/all/GCA/000/003/025/GCA_000003025.7_T2T-Sscrofa/GCA_000003025.7_T2T-Sscrofa_genomic.fna.gz	100.0	0.0	100.0	0.0	0.0
9837	Camelus bactrianus	7d748b44da0630995fb85633b54769ae	https://ftp.ncbi.nlm.nih.gov/genomes/all/GCF/048/773/025/GCF_048773025.1_ASM4877302v1/GCF_048773025.1_ASM4877302v1_genomic.gff.gz	GCF_048773025.1	https://ftp.ncbi.nlm.nih.gov/genomes/all/GCF/048/773/025/GCF_048773025.1_ASM4877302v1/GCF_048773025.1_ASM4877302v1_genomic.fna.gz	99.2	2.3	96.9	0.8	0.0
9838	Camelus dromedarius	cddb10d20c83222ccc71a53e33364b0f	https://ftp.ncbi.nlm.nih.gov/genomes/all/GCF/036/321/535/GCF_036321535.1_mCamDro1.pat/GCF_036321535.1_mCamDro1.pat_genomic.gff.gz	GCF_036321535.1	https://ftp.ncbi.nlm.nih.gov/genomes/all/GCF/036/321/535/GCF_036321535.1_mCamDro1.pat/GCF_036321535.1_mCamDro1.pat_genomic.fna.gz	97.7	1.6	96.1	1.6	0.8
9860	Cervus elaphus	4993069e083f6166a3f0d4278a5f5b00	https://ftp.ebi.ac.uk/pub/ensemblorganisms/GCA/910/594/005/1/ensembl/2023_08/geneset/genes.gff3.gz	GCA_910594005.1	https://ftp.ncbi.nlm.nih.gov/genomes/all/GCA/910/594/005/GCA_910594005.1_mCerEla1.1/GCA_910594005.1_mCerEla1.1_genomic.fna.gz	100.0	7.0	93.0	0.0	0.0
9874	Odocoileus virginianus	0ef237c0b14b36ef4212793ce6864ee0	https://ftp.ncbi.nlm.nih.gov/genomes/all/GCF/023/699/985/GCF_023699985.2_Ovbor_1.2/GCF_023699985.2_Ovbor_1.2_genomic.gff.gz	GCF_023699985.2	https://ftp.ncbi.nlm.nih.gov/genomes/all/GCF/023/699/985/GCF_023699985.2_Ovbor_1.2/GCF_023699985.2_Ovbor_1.2_genomic.fna.gz	99.2	2.3	96.9	0.8	0.0
9886	Muntiacus reevesi	ab46baa18df773b703c509eb702d935c	https://ftp.ebi.ac.uk/pub/ensemblorganisms/GCA/963/930/625/1/ensembl/2025_04/geneset/genes.gff3.gz	GCA_963930625.1	https://ftp.ncbi.nlm.nih.gov/genomes/all/GCA/963/930/625/GCA_963930625.1_mMunRee1.1/GCA_963930625.1_mMunRee1.1_genomic.fna.gz	100.0	100.0	0.0	0.0	0.0
9906	Bos javanicus	585c8b38db69e2c4c783e8b0ad669462	https://ftp.ncbi.nlm.nih.gov/genomes/all/GCF/032/452/875/GCF_032452875.1_ARS-OSU_banteng_1.0/GCF_032452875.1_ARS-OSU_banteng_1.0_genomic.gff.gz	GCF_032452875.1	https://ftp.ncbi.nlm.nih.gov/genomes/all/GCF/032/452/875/GCF_032452875.1_ARS-OSU_banteng_1.0/GCF_032452875.1_ARS-OSU_banteng_1.0_genomic.fna.gz	99.2	5.4	93.8	0.8	0.0
9913	Bos taurus	90da11fecf08c86f0aaa00f15d5cf688	https://ftp.ncbi.nlm.nih.gov/genomes/all/GCF/002/263/795/GCF_002263795.3_ARS-UCD2.0/GCF_002263795.3_ARS-UCD2.0_genomic.gff.gz	GCF_002263795.3	https://ftp.ncbi.nlm.nih.gov/genomes/all/GCF/002/263/795/GCF_002263795.3_ARS-UCD2.0/GCF_002263795.3_ARS-UCD2.0_genomic.fna.gz	100.0	4.7	95.3	0.0	0.0
9915	Bos indicus	47356043e84f065bf1152ada80028039	https://ftp.ncbi.nlm.nih.gov/genomes/all/GCF/029/378/745/GCF_029378745.1_NIAB-ARS_B.indTharparkar_mat_pri_1.0/GCF_029378745.1_NIAB-ARS_B.indTharparkar_mat_pri_1.0_genomic.gff.gz	GCF_029378745.1	https://ftp.ncbi.nlm.nih.gov/genomes/all/GCF/029/378/745/GCF_029378745.1_NIAB-ARS_B.indTharparkar_mat_pri_1.0/GCF_029378745.1_NIAB-ARS_B.indTharparkar_mat_pri_1.0_genomic.fna.gz	97.7	2.3	95.3	2.3	0.0
9925	Capra hircus	4729f7ca5ca8ddd660e860fb08a40e12	https://ftp.ncbi.nlm.nih.gov/genomes/all/GCA/041/735/815/GCA_041735815.1_T2T-goat2.0/GCA_041735815.1_T2T-goat2.0_genomic.gff.gz	GCA_041735815.1	https://ftp.ncbi.nlm.nih.gov/genomes/all/GCA/041/735/815/GCA_041735815.1_T2T-goat2.0/GCA_041735815.1_T2T-goat2.0_genomic.fna.gz	99.2	2.3	96.9	0.8	0.0
9940	Ovis aries	1a95e29274549df59b64baa2bfb58880	https://ftp.ebi.ac.uk/pub/ensemblorganisms/GCA/022/432/825/1/ensembl/2023_10/geneset/genes.gff3.gz	GCA_022432825.1	https://ftp.ncbi.nlm.nih.gov/genomes/all/GCA/022/432/825/GCA_022432825.1_ASM2243282v1/GCA_022432825.1_ASM2243282v1_genomic.fna.gz	99.2	2.3	96.9	0.8	0.0
9946	Tragelaphus strepsiceros	2745fc7ca0b2e5a67d0d318b82cb3f3a	https://ftp.ebi.ac.uk/pub/ensemblorganisms/GCA/006/410/795/1/ensembl/2020_05/geneset/genes.gff3.gz	GCA_006410795.1	https://ftp.ncbi.nlm.nih.gov/genomes/all/GCA/006/410/795/GCA_006410795.1_GTK/GCA_006410795.1_GTK_genomic.fna.gz	92.2	2.3	89.9	5.4	2.3
9970	Syncerus caffer	af435e05203b239415c8bbc9217d67bb	https://ftp.ebi.ac.uk/pub/ensemblorganisms/GCA/902/825/105/1/ensembl/2020_06/geneset/genes.gff3.gz	GCA_902825105.1	https://ftp.ncbi.nlm.nih.gov/genomes/all/GCA/902/825/105/GCA_902825105.1_synceruscaffer/GCA_902825105.1_synceruscaffer_genomic.fna.gz	96.9	2.3	94.6	1.6	1.6
9974	Manis javanica	4da45dbeb533ac3fd411c1b6526fd627	https://ftp.ncbi.nlm.nih.gov/genomes/all/GCA/024/605/085/GCA_024605085.1_ASM2460508v1/GCA_024605085.1_ASM2460508v1_genomic.gff.gz	GCA_024605085.1	https://ftp.ncbi.nlm.nih.gov/genomes/all/GCA/024/605/085/GCA_024605085.1_ASM2460508v1/GCA_024605085.1_ASM2460508v1_genomic.fna.gz	99.2	0.8	98.4	0.0	0.8
9978	Ochotona princeps	d4798203cb72d781d06478c36c3ed162	https://ftp.ncbi.nlm.nih.gov/genomes/all/GCF/030/435/755/GCF_030435755.1_mOchPri1.hap1/GCF_030435755.1_mOchPri1.hap1_genomic.gff.gz	GCF_030435755.1	https://ftp.ncbi.nlm.nih.gov/genomes/all/GCF/030/435/755/GCF_030435755.1_mOchPri1.hap1/GCF_030435755.1_mOchPri1.hap1_genomic.fna.gz	99.2	1.6	97.7	0.8	0.0
9983	Lepus europaeus	6f71bff82c1a6a83ecbaef73d3af4664	https://ftp.ncbi.nlm.nih.gov/genomes/all/GCF/033/115/175/GCF_033115175.1_mLepTim1.pri/GCF_033115175.1_mLepTim1.pri_genomic.gff.gz	GCF_033115175.1	https://ftp.ncbi.nlm.nih.gov/genomes/all/GCF/033/115/175/GCF_033115175.1_mLepTim1.pri/GCF_033115175.1_mLepTim1.pri_genomic.fna.gz	99.2	10.1	89.1	0.8	0.0
9986	Oryctolagus cuniculus	3deb861ddd0cd9fc379a22674dd2ab06	https://ftp.ncbi.nlm.nih.gov/genomes/all/GCF/964/237/555/GCF_964237555.1_mOryCun1.1/GCF_964237555.1_mOryCun1.1_genomic.gff.gz	GCF_964237555.1	https://ftp.ncbi.nlm.nih.gov/genomes/all/GCF/964/237/555/GCF_964237555.1_mOryCun1.1/GCF_964237555.1_mOryCun1.1_genomic.fna.gz	96.9	3.1	93.8	3.1	0.0
9994	Marmota marmota marmota	aa7ef47cbc72683f04fb98cfff2c0941	https://ftp.ncbi.nlm.nih.gov/genomes/all/GCF/001/458/135/GCF_001458135.2_marMar/GCF_001458135.2_marMar_genomic.gff.gz	GCF_001458135.2	https://ftp.ncbi.nlm.nih.gov/genomes/all/GCF/001/458/135/GCF_001458135.2_marMar/GCF_001458135.2_marMar_genomic.fna.gz	96.1	6.2	89.9	3.9	0.0
9995	Marmota monax	c6fad1655a069b55c85561a687aeea5d	https://ftp.ncbi.nlm.nih.gov/genomes/all/GCF/021/218/885/GCF_021218885.2_Marmota_monax_Labrador192_F-V1.1/GCF_021218885.2_Marmota_monax_Labrador192_F-V1.1_genomic.gff.gz	GCF_021218885.2	https://ftp.ncbi.nlm.nih.gov/genomes/all/GCF/021/218/885/GCF_021218885.2_Marmota_monax_Labrador192_F-V1.1/GCF_021218885.2_Marmota_monax_Labrador192_F-V1.1_genomic.fna.gz	100.0	5.4	94.6	0.0	0.0
9999	Urocitellus parryii	0401a6bd826ea0085c5569b2ac77adab	https://ftp.ncbi.nlm.nih.gov/genomes/all/GCF/045/843/805/GCF_045843805.1_mUroPar1.hap1/GCF_045843805.1_mUroPar1.hap1_genomic.gff.gz	GCF_045843805.1	https://ftp.ncbi.nlm.nih.gov/genomes/all/GCF/045/843/805/GCF_045843805.1_mUroPar1.hap1/GCF_045843805.1_mUroPar1.hap1_genomic.fna.gz	98.4	1.6	96.9	0.8	0.8
10020	Dipodomys ordii	f3ba72758064de08eabd08452b17876b	https://ftp.ncbi.nlm.nih.gov/genomes/all/GCF/000/151/885/GCF_000151885.1_Dord_2.0/GCF_000151885.1_Dord_2.0_genomic.gff.gz	GCF_000151885.1	https://ftp.ncbi.nlm.nih.gov/genomes/all/GCF/000/151/885/GCF_000151885.1_Dord_2.0/GCF_000151885.1_Dord_2.0_genomic.fna.gz	93.0	1.6	91.5	6.2	0.8
10029	Cricetulus griseus	1e022651486e2cb0a045342da07cc7c4	https://ftp.ncbi.nlm.nih.gov/genomes/all/GCF/003/668/045/GCF_003668045.3_CriGri-PICRH-1.0/GCF_003668045.3_CriGri-PICRH-1.0_genomic.gff.gz	GCF_003668045.3	https://ftp.ncbi.nlm.nih.gov/genomes/all/GCF/003/668/045/GCF_003668045.3_CriGri-PICRH-1.0/GCF_003668045.3_CriGri-PICRH-1.0_genomic.fna.gz	100.0	1.6	98.4	0.0	0.0
10034	Cricetus cricetus	bd74ecbf5bab9ddee4758abcd94ff6d0	https://ftp.ebi.ac.uk/pub/ensemblorganisms/GCA/964/304/595/1/ensembl/2024_12/geneset/genes.gff3.gz	GCA_964304595.1	https://ftp.ncbi.nlm.nih.gov/genomes/all/GCA/964/304/595/GCA_964304595.1_mCriCri2.1/GCA_964304595.1_mCriCri2.1_genomic.fna.gz	100.0	3.1	96.9	0.0	0.0
10036	Mesocricetus auratus	a1e1790c16df5f50f84fa4458a1333ec	https://ftp.ncbi.nlm.nih.gov/genomes/all/GCF/017/639/785/GCF_017639785.1_BCM_Maur_2.0/GCF_017639785.1_BCM_Maur_2.0_genomic.gff.gz	GCF_017639785.1	https://ftp.ncbi.nlm.nih.gov/genomes/all/GCF/017/639/785/GCF_017639785.1_BCM_Maur_2.0/GCF_017639785.1_BCM_Maur_2.0_genomic.fna.gz	100.0	3.9	96.1	0.0	0.0
10041	Peromyscus leucopus	9090d6ee310f13084ff204b92bc97ac5	https://ftp.ncbi.nlm.nih.gov/genomes/all/GCF/004/664/715/GCF_004664715.2_UCI_PerLeu_2.1/GCF_004664715.2_UCI_PerLeu_2.1_genomic.gff.gz	GCF_004664715.2	https://ftp.ncbi.nlm.nih.gov/genomes/all/GCF/004/664/715/GCF_004664715.2_UCI_PerLeu_2.1/GCF_004664715.2_UCI_PerLeu_2.1_genomic.fna.gz	99.2	7.0	92.2	0.0	0.8
10047	Meriones unguiculatus	5b499ba0622699b8b503facee4374c6e	https://ftp.ncbi.nlm.nih.gov/genomes/all/GCF/030/254/825/GCF_030254825.1_Bangor_MerUng_6.1/GCF_030254825.1_Bangor_MerUng_6.1_genomic.gff.gz	GCF_030254825.1	https://ftp.ncbi.nlm.nih.gov/genomes/all/GCF/030/254/825/GCF_030254825.1_Bangor_MerUng_6.1/GCF_030254825.1_Bangor_MerUng_6.1_genomic.fna.gz	100.0	3.9	96.1	0.0	0.0
10058	Microtus pennsylvanicus	6f1f7c2f7ed1135d194820e90aa8640a	https://ftp.ncbi.nlm.nih.gov/genomes/all/GCF/037/038/515/GCF_037038515.1_mMicPen1.hap1/GCF_037038515.1_mMicPen1.hap1_genomic.gff.gz	GCF_037038515.1	https://ftp.ncbi.nlm.nih.gov/genomes/all/GCF/037/038/515/GCF_037038515.1_mMicPen1.hap1/GCF_037038515.1_mMicPen1.hap1_genomic.fna.gz	100.0	2.3	97.7	0.0	0.0
10068	Acomys cahirinus	b1864a752dab231a0f4f938e832a6dd7	https://ftp.ebi.ac.uk/pub/ensemblorganisms/GCA/029/890/205/1/ensembl/2023_11/geneset/genes.gff3.gz	GCA_029890205.1	https://ftp.ncbi.nlm.nih.gov/genomes/all/GCA/029/890/205/GCA_029890205.1_ASM2989020v1/GCA_029890205.1_ASM2989020v1_genomic.fna.gz	96.9	0.8	96.1	2.3	0.8
10089	Mus caroli	b63032437eb86699fb1eb9e2a0590790	https://ftp.ncbi.nlm.nih.gov/genomes/all/GCF/900/094/665/GCF_900094665.2_CAROLI_EIJ_v1.1/GCF_900094665.2_CAROLI_EIJ_v1.1_genomic.gff.gz	GCF_900094665.2	https://ftp.ncbi.nlm.nih.gov/genomes/all/GCF/900/094/665/GCF_900094665.2_CAROLI_EIJ_v1.1/GCF_900094665.2_CAROLI_EIJ_v1.1_genomic.fna.gz	100.0	1.6	98.4	0.0	0.0
10090	Mus musculus	44907b464ec65fc7e1d2161b22b3a493	https://ftp.ebi.ac.uk/pub/ensemblorganisms/GCA/001/624/295/1/community/2018_01/geneset/genes.gff3.gz	GCA_001624295.1	https://ftp.ncbi.nlm.nih.gov/genomes/all/GCA/001/624/295/GCA_001624295.1_AKR_J_v1/GCA_001624295.1_AKR_J_v1_genomic.fna.gz	100.0	1.6	98.4	0.0	0.0
10096	Mus spretus	3561bb7ec0e6b029a76fbcd90cb13dea	https://ftp.ebi.ac.uk/pub/ensemblorganisms/GCA/001/624/865/1/community/2018_01/geneset/genes.gff3.gz	GCA_001624865.1	https://ftp.ncbi.nlm.nih.gov/genomes/all/GCA/001/624/865/GCA_001624865.1_SPRET_EiJ_v1/GCA_001624865.1_SPRET_EiJ_v1_genomic.fna.gz	99.2	0.8	98.4	0.8	0.0
10116	Rattus norvegicus	db77141f40de51c448df980b59db68c2	https://ftp.ebi.ac.uk/pub/ensemblorganisms/Rattus_norvegicus/GCA_021556685.1/ensembl/geneset/2023_01/genes.gff3.gz	GCA_021556685.1	https://ftp.ncbi.nlm.nih.gov/genomes/all/GCA/021/556/685/GCA_021556685.1_UTH_Rnor_SHRSP_BbbUtx_1.0/GCA_021556685.1_UTH_Rnor_SHRSP_BbbUtx_1.0_genomic.fna.gz	100.0	3.1	96.9	0.0	0.0
10117	Rattus rattus	89722c8b7f7c4c2e32815b99ba6a960d	https://ftp.ncbi.nlm.nih.gov/genomes/all/GCF/011/064/425/GCF_011064425.1_Rrattus_CSIRO_v1/GCF_011064425.1_Rrattus_CSIRO_v1_genomic.gff.gz	GCF_011064425.1	https://ftp.ncbi.nlm.nih.gov/genomes/all/GCF/011/064/425/GCF_011064425.1_Rrattus_CSIRO_v1/GCF_011064425.1_Rrattus_CSIRO_v1_genomic.fna.gz	97.7	5.4	92.2	2.3	0.0
10129	Apodemus sylvaticus	8324fcffa907c0a1277a492e621b1966	https://ftp.ncbi.nlm.nih.gov/genomes/all/GCF/947/179/515/GCF_947179515.1_mApoSyl1.1/GCF_947179515.1_mApoSyl1.1_genomic.gff.gz	GCF_947179515.1	https://ftp.ncbi.nlm.nih.gov/genomes/all/GCF/947/179/515/GCF_947179515.1_mApoSyl1.1/GCF_947179515.1_mApoSyl1.1_genomic.fna.gz	99.2	2.3	96.9	0.8	0.0
10141	Cavia porcellus	ea160b8dc338cf67ac4c73d54b261f02	https://ftp.ebi.ac.uk/pub/ensemblorganisms/GCA/000/151/735/1/ensembl/2017_07/geneset/genes.gff3.gz	GCA_000151735.1	https://ftp.ncbi.nlm.nih.gov/genomes/all/GCA/000/151/735/GCA_000151735.1_Cavpor3.0/GCA_000151735.1_Cavpor3.0_genomic.fna.gz	100.0	1.6	98.4	0.0	0.0
10149	Hydrochoerus hydrochaeris	2bba195748785f3e9a803dccee5107d3	https://ftp.ebi.ac.uk/pub/ensemblorganisms/GCA/015/741/225/1/ensembl/2023_07/geneset/genes.gff3.gz	GCA_015741225.1	https://ftp.ncbi.nlm.nih.gov/genomes/all/GCA/015/741/225/GCA_015741225.1_Hydrochoerus_hydrochaeris_HiC/GCA_015741225.1_Hydrochoerus_hydrochaeris_HiC_genomic.fna.gz	94.6	0.8	93.8	3.1	2.3
10166	Ctenodactylus gundi	594ee52f65f00cabfd26e9a7cb88adb0	https://ftp.ncbi.nlm.nih.gov/genomes/all/GCA/048/771/875/GCA_048771875.1_mCteGun2.hap1/GCA_048771875.1_mCteGun2.hap1_genomic.gff.gz	GCA_048771875.1	https://ftp.ncbi.nlm.nih.gov/genomes/all/GCA/048/771/875/GCA_048771875.1_mCteGun2.hap1/GCA_048771875.1_mCteGun2.hap1_genomic.fna.gz	98.4	3.9	94.6	0.8	0.8
10181	Heterocephalus glaber	7e0c85aeda61a88a26034239f08f4495	https://ftp.ncbi.nlm.nih.gov/genomes/all/GCF/053/883/595/GCF_053883595.1_H.glaber_assembly_v1.0/GCF_053883595.1_H.glaber_assembly_v1.0_genomic.gff.gz	GCF_053883595.1	https://ftp.ncbi.nlm.nih.gov/genomes/all/GCF/053/883/595/GCF_053883595.1_H.glaber_assembly_v1.0/GCF_053883595.1_H.glaber_assembly_v1.0_genomic.fna.gz	99.2	3.1	96.1	0.0	0.8
13616	Monodelphis domestica	d706e7ee62e19b99ab4f38a76acb9f4b	https://ftp.ncbi.nlm.nih.gov/genomes/all/GCF/027/887/165/GCF_027887165.2_mMonDom1.pri/GCF_027887165.2_mMonDom1.pri_genomic.gff.gz	GCF_027887165.2	https://ftp.ncbi.nlm.nih.gov/genomes/all/GCF/027/887/165/GCF_027887165.2_mMonDom1.pri/GCF_027887165.2_mMonDom1.pri_genomic.fna.gz	99.2	4.7	94.6	0.0	0.8
27606	Eubalaena glacialis	f2ae06f4671ec802319930e009ab9fd8	https://ftp.ebi.ac.uk/pub/ensemblorganisms/GCA/028/571/275/2/ensembl/2025_11/geneset/genes.gff3.gz	GCA_028571275.2	https://ftp.ncbi.nlm.nih.gov/genomes/all/GCA/028/571/275/GCA_028571275.2_mEubGla1.1.hap1/GCA_028571275.2_mEubGla1.1.hap1_genomic.fna.gz	97.7	4.7	93.0	1.6	0.8
27610	Lagenorhynchus albirostris	d9c5386d3912c39b9a559e2c9a776338	https://ftp.ncbi.nlm.nih.gov/genomes/all/GCF/949/774/975/GCF_949774975.1_mLagAlb1.1/GCF_949774975.1_mLagAlb1.1_genomic.gff.gz	GCF_949774975.1	https://ftp.ncbi.nlm.nih.gov/genomes/all/GCF/949/774/975/GCF_949774975.1_mLagAlb1.1/GCF_949774975.1_mLagAlb1.1_genomic.fna.gz	98.4	5.4	93.0	1.6	0.0
27615	Kogia breviceps	cfd584e64b815da001744c87c80ce835	https://ftp.ncbi.nlm.nih.gov/genomes/all/GCF/026/419/965/GCF_026419965.1_mKogBre1_haplotype_1/GCF_026419965.1_mKogBre1_haplotype_1_genomic.gff.gz	GCF_026419965.1	https://ftp.ncbi.nlm.nih.gov/genomes/all/GCF/026/419/965/GCF_026419965.1_mKogBre1_haplotype_1/GCF_026419965.1_mKogBre1_haplotype_1_genomic.fna.gz	99.2	1.6	97.7	0.8	0.0
27675	Choloepus didactylus	fdf5dfdb6e99f4172fa472a6ae0a4744	https://ftp.ncbi.nlm.nih.gov/genomes/all/GCF/015/220/235/GCF_015220235.1_mChoDid1.pri/GCF_015220235.1_mChoDid1.pri_genomic.gff.gz	GCF_015220235.1	https://ftp.ncbi.nlm.nih.gov/genomes/all/GCF/015/220/235/GCF_015220235.1_mChoDid1.pri/GCF_015220235.1_mChoDid1.pri_genomic.fna.gz	99.2	12.4	86.8	0.8	0.0
27679	Saimiri boliviensis	4d52174ebfb7206e816611bd037f37c3	https://ftp.ncbi.nlm.nih.gov/genomes/all/GCF/048/565/385/GCF_048565385.1_mSaiBol1.pri/GCF_048565385.1_mSaiBol1.pri_genomic.gff.gz	GCF_048565385.1	https://ftp.ncbi.nlm.nih.gov/genomes/all/GCF/048/565/385/GCF_048565385.1_mSaiBol1.pri/GCF_048565385.1_mSaiBol1.pri_genomic.fna.gz	98.4	7.8	90.7	0.8	0.8
28737	Elephantulus edwardii	16b554e7df347a22fc9ebb43ae36eb4a	https://ftp.ncbi.nlm.nih.gov/genomes/all/GCF/000/299/155/GCF_000299155.1_EleEdw1.0/GCF_000299155.1_EleEdw1.0_genomic.gff.gz	GCF_000299155.1	https://ftp.ncbi.nlm.nih.gov/genomes/all/GCF/000/299/155/GCF_000299155.1_EleEdw1.0/GCF_000299155.1_EleEdw1.0_genomic.fna.gz	96.1	6.2	89.9	2.3	1.6
29064	Panthera uncia	208774ea977cc993ccad9301ded16bca	https://ftp.ncbi.nlm.nih.gov/genomes/all/GCF/023/721/935/GCF_023721935.1_Puncia_PCG_1.0/GCF_023721935.1_Puncia_PCG_1.0_genomic.gff.gz	GCF_023721935.1	https://ftp.ncbi.nlm.nih.gov/genomes/all/GCF/023/721/935/GCF_023721935.1_Puncia_PCG_1.0/GCF_023721935.1_Puncia_PCG_1.0_genomic.fna.gz	97.7	3.9	93.8	2.3	0.0
29065	Martes martes	6026f32b6145e082954c5a1fab69c51a	https://ftp.ebi.ac.uk/pub/ensemblorganisms/GCA/963/455/335/1/ensembl/2024_08/geneset/genes.gff3.gz	GCA_963455335.1	https://ftp.ncbi.nlm.nih.gov/genomes/all/GCA/963/455/335/GCA_963455335.1_mMarMar1.1/GCA_963455335.1_mMarMar1.1_genomic.fna.gz	100.0	0.8	99.2	0.0	0.0
29073	Ursus maritimus	a1a6669cbaa2d908dea2f0f18330ffb1	https://ftp.ncbi.nlm.nih.gov/genomes/all/GCF/017/311/325/GCF_017311325.1_ASM1731132v1/GCF_017311325.1_ASM1731132v1_genomic.gff.gz	GCF_017311325.1	https://ftp.ncbi.nlm.nih.gov/genomes/all/GCF/017/311/325/GCF_017311325.1_ASM1731132v1/GCF_017311325.1_ASM1731132v1_genomic.fna.gz	100.0	0.8	99.2	0.0	0.0
29078	Eptesicus fuscus	1115b5b7f7d72e574ec6ab56b19daad4	https://ftp.ncbi.nlm.nih.gov/genomes/all/GCF/027/574/615/GCF_027574615.1_DD_ASM_mEF_20220401/GCF_027574615.1_DD_ASM_mEF_20220401_genomic.gff.gz	GCF_027574615.1	https://ftp.ncbi.nlm.nih.gov/genomes/all/GCF/027/574/615/GCF_027574615.1_DD_ASM_mEF_20220401/GCF_027574615.1_DD_ASM_mEF_20220401_genomic.fna.gz	99.2	6.2	93.0	0.8	0.0
29088	Neomonachus schauinslandi	949fa88c706ed189b93ca8dff6052a33	https://ftp.ncbi.nlm.nih.gov/genomes/all/GCF/002/201/575/GCF_002201575.2_ASM220157v2/GCF_002201575.2_ASM220157v2_genomic.gff.gz	GCF_002201575.2	https://ftp.ncbi.nlm.nih.gov/genomes/all/GCF/002/201/575/GCF_002201575.2_ASM220157v2/GCF_002201575.2_ASM220157v2_genomic.fna.gz	99.2	8.5	90.7	0.8	0.0
30522	Bos indicus x Bos taurus	b7dd6501cf3428b7fdacdf7228c2ac1c	https://ftp.ncbi.nlm.nih.gov/genomes/all/GCF/003/369/695/GCF_003369695.1_UOA_Brahman_1/GCF_003369695.1_UOA_Brahman_1_genomic.gff.gz	GCF_003369695.1	https://ftp.ncbi.nlm.nih.gov/genomes/all/GCF/003/369/695/GCF_003369695.1_UOA_Brahman_1/GCF_003369695.1_UOA_Brahman_1_genomic.fna.gz	98.4	3.1	95.3	1.6	0.0
30532	Dama dama	9b48c1a76cd9c95329abbf615c0d7507	https://ftp.ncbi.nlm.nih.gov/genomes/all/GCF/033/118/175/GCF_033118175.1_ASM3311817v1/GCF_033118175.1_ASM3311817v1_genomic.gff.gz	GCF_033118175.1	https://ftp.ncbi.nlm.nih.gov/genomes/all/GCF/033/118/175/GCF_033118175.1_ASM3311817v1/GCF_033118175.1_ASM3311817v1_genomic.fna.gz	100.0	10.9	89.1	0.0	0.0
30538	Vicugna pacos	cc9ae5658557c170a90e089d142f40ef	https://ftp.ncbi.nlm.nih.gov/genomes/all/GCF/048/564/905/GCF_048564905.1_VicPac4/GCF_048564905.1_VicPac4_genomic.gff.gz	GCF_048564905.1	https://ftp.ncbi.nlm.nih.gov/genomes/all/GCF/048/564/905/GCF_048564905.1_VicPac4/GCF_048564905.1_VicPac4_genomic.fna.gz	100.0	1.6	98.4	0.0	0.0
30608	Microcebus murinus	4c7febc036359e249d90aaf02f896c9a	https://ftp.ncbi.nlm.nih.gov/genomes/all/GCF/040/939/455/GCF_040939455.1_M.murinus_Inina_mat1.0/GCF_040939455.1_M.murinus_Inina_mat1.0_genomic.gff.gz	GCF_040939455.1	https://ftp.ncbi.nlm.nih.gov/genomes/all/GCF/040/939/455/GCF_040939455.1_M.murinus_Inina_mat1.0/GCF_040939455.1_M.murinus_Inina_mat1.0_genomic.fna.gz	100.0	3.1	96.9	0.0	0.0
30640	Sciurus carolinensis	b61c9421ef59fc98ae9b59b9b40ce7d1	https://ftp.ncbi.nlm.nih.gov/genomes/all/GCF/902/686/445/GCF_902686445.1_mSciCar1.2/GCF_902686445.1_mSciCar1.2_genomic.gff.gz	GCF_902686445.1	https://ftp.ncbi.nlm.nih.gov/genomes/all/GCF/902/686/445/GCF_902686445.1_mSciCar1.2/GCF_902686445.1_mSciCar1.2_genomic.fna.gz	100.0	6.2	93.8	0.0	0.0
32536	Acinonyx jubatus	a85f47526b4f957991edd08aa7d47c25	https://ftp.ncbi.nlm.nih.gov/genomes/all/GCF/027/475/565/GCF_027475565.1_VMU_Ajub_asm_v1.0/GCF_027475565.1_VMU_Ajub_asm_v1.0_genomic.gff.gz	GCF_027475565.1	https://ftp.ncbi.nlm.nih.gov/genomes/all/GCF/027/475/565/GCF_027475565.1_VMU_Ajub_asm_v1.0/GCF_027475565.1_VMU_Ajub_asm_v1.0_genomic.fna.gz	100.0	3.1	96.9	0.0	0.0
34839	Chinchilla lanigera	a52cb38f2a07ed1490a468a2a67f53bd	https://ftp.ncbi.nlm.nih.gov/genomes/all/GCF/000/276/665/GCF_000276665.1_ChiLan1.0/GCF_000276665.1_ChiLan1.0_genomic.gff.gz	GCF_000276665.1	https://ftp.ncbi.nlm.nih.gov/genomes/all/GCF/000/276/665/GCF_000276665.1_ChiLan1.0/GCF_000276665.1_ChiLan1.0_genomic.fna.gz	99.2	2.3	96.9	0.0	0.8
34844	Erethizon dorsatum	ae52e936e00e4d7e0c4ce347a5975ac1	https://ftp.ncbi.nlm.nih.gov/genomes/all/GCA/028/451/465/GCA_028451465.1_mEreDor1.pri/GCA_028451465.1_mEreDor1.pri_genomic.gff.gz	GCA_028451465.1	https://ftp.ncbi.nlm.nih.gov/genomes/all/GCA/028/451/465/GCA_028451465.1_mEreDor1.pri/GCA_028451465.1_mEreDor1.pri_genomic.fna.gz	100.0	3.1	96.9	0.0	0.0
34865	Capricornis sumatraensis	7aab2a8186c3f05407ceb6e022f43380	https://ftp.ncbi.nlm.nih.gov/genomes/all/GCF/032/405/125/GCF_032405125.1_serow.2/GCF_032405125.1_serow.2_genomic.gff.gz	GCF_032405125.1	https://ftp.ncbi.nlm.nih.gov/genomes/all/GCF/032/405/125/GCF_032405125.1_serow.2/GCF_032405125.1_serow.2_genomic.fna.gz	100.0	3.1	96.9	0.0	0.0
34880	Nyctereutes procyonoides	bafbb2a6f4013b72e275de227bdaf06b	https://ftp.ncbi.nlm.nih.gov/genomes/all/GCA/905/146/905/GCA_905146905.1_NYPRO_anot_genome/GCA_905146905.1_NYPRO_anot_genome_genomic.gff.gz	GCA_905146905.1	https://ftp.ncbi.nlm.nih.gov/genomes/all/GCA/905/146/905/GCA_905146905.1_NYPRO_anot_genome/GCA_905146905.1_NYPRO_anot_genome_genomic.fna.gz	100.0	7.8	92.2	0.0	0.0
34884	Callorhinus ursinus	b6a352ca244cf4726e5bc098759810c2	https://ftp.ncbi.nlm.nih.gov/genomes/all/GCF/003/265/705/GCF_003265705.2_GSC_fseal_2.0/GCF_003265705.2_GSC_fseal_2.0_genomic.gff.gz	GCF_003265705.2	https://ftp.ncbi.nlm.nih.gov/genomes/all/GCF/003/265/705/GCF_003265705.2_GSC_fseal_2.0/GCF_003265705.2_GSC_fseal_2.0_genomic.fna.gz	100.0	4.7	95.3	0.0	0.0
34886	Eumetopias jubatus	ad872b2f49111a02cae0b9d19790709f	https://ftp.ebi.ac.uk/pub/ensemblorganisms/GCA/037/043/125/1/ensembl/2024_05/geneset/genes.gff3.gz	GCA_037043125.1	https://ftp.ncbi.nlm.nih.gov/genomes/all/GCA/037/043/125/GCA_037043125.1_mEumJub1_p1.0/GCA_037043125.1_mEumJub1_p1.0_genomic.fna.gz	100.0	7.8	92.2	0.0	0.0
35658	Mastomys coucha	ff897a00ba60fd2944c6332b1bf316b6	https://ftp.ncbi.nlm.nih.gov/genomes/all/GCF/008/632/895/GCF_008632895.1_UCSF_Mcou_1/GCF_008632895.1_UCSF_Mcou_1_genomic.gff.gz	GCF_008632895.1	https://ftp.ncbi.nlm.nih.gov/genomes/all/GCF/008/632/895/GCF_008632895.1_UCSF_Mcou_1/GCF_008632895.1_UCSF_Mcou_1_genomic.fna.gz	98.4	1.6	96.9	1.6	0.0
36239	Mustela nivalis	46c8f281212c236d02bf429d1427f75f	https://ftp.ncbi.nlm.nih.gov/genomes/all/GCF/964/662/115/GCF_964662115.1_mMusNiv2.hap1.1/GCF_964662115.1_mMusNiv2.hap1.1_genomic.gff.gz	GCF_964662115.1	https://ftp.ncbi.nlm.nih.gov/genomes/all/GCF/964/662/115/GCF_964662115.1_mMusNiv2.hap1.1/GCF_964662115.1_mMusNiv2.hap1.1_genomic.fna.gz	96.9	0.8	96.1	2.3	0.8
36723	Mustela erminea	cc2273407d73959dc41e2887ed404a04	https://ftp.ncbi.nlm.nih.gov/genomes/all/GCF/009/829/155/GCF_009829155.1_mMusErm1.Pri/GCF_009829155.1_mMusErm1.Pri_genomic.gff.gz	GCF_009829155.1	https://ftp.ncbi.nlm.nih.gov/genomes/all/GCF/009/829/155/GCF_009829155.1_mMusErm1.Pri/GCF_009829155.1_mMusErm1.Pri_genomic.fna.gz	98.4	5.4	93.0	0.8	0.8
37029	Prionailurus bengalensis	507160eb44c2da6dfb58af253fd639eb	https://ftp.ncbi.nlm.nih.gov/genomes/all/GCF/016/509/475/GCF_016509475.1_Fcat_Pben_1.1_paternal_pri/GCF_016509475.1_Fcat_Pben_1.1_paternal_pri_genomic.gff.gz	GCF_016509475.1	https://ftp.ncbi.nlm.nih.gov/genomes/all/GCF/016/509/475/GCF_016509475.1_Fcat_Pben_1.1_paternal_pri/GCF_016509475.1_Fcat_Pben_1.1_paternal_pri_genomic.fna.gz	100.0	3.1	96.9	0.0	0.0
37032	Suricata suricatta	5a847cb1f096750e7a6162c845d5529e	https://ftp.ncbi.nlm.nih.gov/genomes/all/GCF/006/229/205/GCF_006229205.1_meerkat_22Aug2017_6uvM2_HiC/GCF_006229205.1_meerkat_22Aug2017_6uvM2_HiC_genomic.gff.gz	GCF_006229205.1	https://ftp.ncbi.nlm.nih.gov/genomes/all/GCF/006/229/205/GCF_006229205.1_meerkat_22Aug2017_6uvM2_HiC/GCF_006229205.1_meerkat_22Aug2017_6uvM2_HiC_genomic.fna.gz	96.1	0.8	95.3	3.1	0.8
37174	Ovis canadensis	cf700403b71cf66d3be9c17ae2f5278e	https://ftp.ncbi.nlm.nih.gov/genomes/all/GCF/042/477/335/GCF_042477335.2_ARS-UI_OviCan_v2/GCF_042477335.2_ARS-UI_OviCan_v2_genomic.gff.gz	GCF_042477335.2	https://ftp.ncbi.nlm.nih.gov/genomes/all/GCF/042/477/335/GCF_042477335.2_ARS-UI_OviCan_v2/GCF_042477335.2_ARS-UI_OviCan_v2_genomic.fna.gz	99.2	3.1	96.1	0.8	0.0
37181	Budorcas taxicolor	1f5490fa71ce0908f64b0e68c8b753c5	https://ftp.ncbi.nlm.nih.gov/genomes/all/GCF/023/091/745/GCF_023091745.1_Takin1.1/GCF_023091745.1_Takin1.1_genomic.gff.gz	GCF_023091745.1	https://ftp.ncbi.nlm.nih.gov/genomes/all/GCF/023/091/745/GCF_023091745.1_Takin1.1/GCF_023091745.1_Takin1.1_genomic.fna.gz	99.2	7.8	91.5	0.8	0.0
37293	Aotus nancymaae	afdecb1e8e17a60fab1b73023622071c	https://ftp.ebi.ac.uk/pub/ensemblorganisms/GCA/000/952/055/2/ensembl/2020_03/geneset/genes.gff3.gz	GCA_000952055.2	https://ftp.ncbi.nlm.nih.gov/genomes/all/GCA/000/952/055/GCA_000952055.2_Anan_2.0/GCA_000952055.2_Anan_2.0_genomic.fna.gz	98.4	7.8	90.7	1.6	0.0
38626	Phascolarctos cinereus	bdc0bc963d3a003110609b088876965d	https://ftp.ncbi.nlm.nih.gov/genomes/all/GCF/003/287/225/GCF_003287225.1_phaCin_HiC/GCF_003287225.1_phaCin_HiC_genomic.gff.gz	GCF_003287225.1	https://ftp.ncbi.nlm.nih.gov/genomes/all/GCF/003/287/225/GCF_003287225.1_phaCin_HiC/GCF_003287225.1_phaCin_HiC_genomic.fna.gz	100.0	0.8	99.2	0.0	0.0
38668	Onychomys leucogaster	6c70d6d23a6a2e90f29ffb2e7d506713	https://ftp.ebi.ac.uk/pub/ensemblorganisms/GCA/949/786/385/1/ensembl/2023_09/geneset/genes.gff3.gz	GCA_949786385.1	https://ftp.ncbi.nlm.nih.gov/genomes/all/GCA/949/786/385/GCA_949786385.1_OncLeu_H2_v1/GCA_949786385.1_OncLeu_H2_v1_genomic.fna.gz	97.7	1.6	96.1	0.8	1.6
38674	Onychomys torridus	6e7a0686c1b46ce776cf0e174cb9fcd5	https://ftp.ebi.ac.uk/pub/ensemblorganisms/GCA/949/787/125/1/ensembl/2023_09/geneset/genes.gff3.gz	GCA_949787125.1	https://ftp.ncbi.nlm.nih.gov/genomes/all/GCA/949/787/125/GCA_949787125.1_OncTor_H1_v1/GCA_949787125.1_OncTor_H1_v1_genomic.fna.gz	98.4	0.8	97.7	1.6	0.0
40151	Monodon monoceros	4b3b5c40618c3123bbc2288258d221a7	https://ftp.ncbi.nlm.nih.gov/genomes/all/GCA/005/190/385/GCA_005190385.4_mMonMon2.pri/GCA_005190385.4_mMonMon2.pri_genomic.gff.gz	GCA_005190385.4	https://ftp.ncbi.nlm.nih.gov/genomes/all/GCA/005/190/385/GCA_005190385.4_mMonMon2.pri/GCA_005190385.4_mMonMon2.pri_genomic.fna.gz	99.2	1.6	97.7	0.8	0.0
41426	Phacochoerus africanus	a620bbfa999e466f99985bf3f6de08d7	https://ftp.ncbi.nlm.nih.gov/genomes/all/GCF/016/906/955/GCF_016906955.1_ROS_Pafr_v1/GCF_016906955.1_ROS_Pafr_v1_genomic.gff.gz	GCF_016906955.1	https://ftp.ncbi.nlm.nih.gov/genomes/all/GCF/016/906/955/GCF_016906955.1_ROS_Pafr_v1/GCF_016906955.1_ROS_Pafr_v1_genomic.fna.gz	100.0	0.8	99.2	0.0	0.0
42100	Phocoena sinus	b4ef0b3c49c46c528869d2b81678b54d	https://ftp.ncbi.nlm.nih.gov/genomes/all/GCF/008/692/025/GCF_008692025.1_mPhoSin1.pri/GCF_008692025.1_mPhoSin1.pri_genomic.gff.gz	GCF_008692025.1	https://ftp.ncbi.nlm.nih.gov/genomes/all/GCF/008/692/025/GCF_008692025.1_mPhoSin1.pri/GCF_008692025.1_mPhoSin1.pri_genomic.fna.gz	99.2	4.7	94.6	0.8	0.0
42410	Peromyscus eremicus	46144d678fb75bac63e7827f556794b2	https://ftp.ebi.ac.uk/pub/ensemblorganisms/GCA/949/786/435/1/ensembl/2023_08/geneset/genes.gff3.gz	GCA_949786435.1	https://ftp.ncbi.nlm.nih.gov/genomes/all/GCA/949/786/435/GCA_949786435.1_PerEre_H1_v1/GCA_949786435.1_PerEre_H1_v1_genomic.fna.gz	94.6	4.7	89.9	1.6	3.9
43179	Ictidomys tridecemlineatus	6201268733c670b00252962a08b868a8	https://ftp.ncbi.nlm.nih.gov/genomes/all/GCF/052/094/955/GCF_052094955.1_mIctTri1.hap1/GCF_052094955.1_mIctTri1.hap1_genomic.gff.gz	GCF_052094955.1	https://ftp.ncbi.nlm.nih.gov/genomes/all/GCF/052/094/955/GCF_052094955.1_mIctTri1.hap1/GCF_052094955.1_mIctTri1.hap1_genomic.fna.gz	98.4	1.6	96.9	0.8	0.8
43346	Bison bison bison	3000e5983201b5309907e47e2243a393	https://ftp.ncbi.nlm.nih.gov/genomes/all/GCF/000/754/665/GCF_000754665.1_Bison_UMD1.0/GCF_000754665.1_Bison_UMD1.0_genomic.gff.gz	GCF_000754665.1	https://ftp.ncbi.nlm.nih.gov/genomes/all/GCF/000/754/665/GCF_000754665.1_Bison_UMD1.0/GCF_000754665.1_Bison_UMD1.0_genomic.fna.gz	94.6	1.6	93.0	4.7	0.8
46844	Leopardus geoffroyi	0953823bbb18d127b9fb8c5b1d6e8a15	https://ftp.ncbi.nlm.nih.gov/genomes/all/GCF/018/350/155/GCF_018350155.1_O.geoffroyi_Oge1_pat1.0/GCF_018350155.1_O.geoffroyi_Oge1_pat1.0_genomic.gff.gz	GCF_018350155.1	https://ftp.ncbi.nlm.nih.gov/genomes/all/GCF/018/350/155/GCF_018350155.1_O.geoffroyi_Oge1_pat1.0/GCF_018350155.1_O.geoffroyi_Oge1_pat1.0_genomic.fna.gz	100.0	0.8	99.2	0.0	0.0
48139	Psammomys obesus	ca985a997b8105d35cde2a10cf647c61	https://ftp.ebi.ac.uk/pub/ensemblorganisms/GCA/002/215/935/2/ensembl/2020_11/geneset/genes.gff3.gz	GCA_002215935.2	https://ftp.ncbi.nlm.nih.gov/genomes/all/GCA/002/215/935/GCA_002215935.2_ASM221593v2/GCA_002215935.2_ASM221593v2_genomic.fna.gz	100.0	0.8	99.2	0.0	0.0
48560	Capreolus pygargus	1e39842ab6c7015424c218e8ad026334	https://ftp.ebi.ac.uk/pub/ensemblorganisms/GCA/012/922/965/1/ensembl/2020_06/geneset/genes.gff3.gz	GCA_012922965.1	https://ftp.ncbi.nlm.nih.gov/genomes/all/GCA/012/922/965/GCA_012922965.1_ASM1292296v1/GCA_012922965.1_ASM1292296v1_genomic.fna.gz	96.9	6.2	90.7	2.3	0.8
48850	Tamandua tetradactyla	c13c8e448a350cca73d6e55ca8ea5000	https://ftp.ncbi.nlm.nih.gov/genomes/all/GCF/023/851/605/GCF_023851605.1_mTamTet1.pri/GCF_023851605.1_mTamTet1.pri_genomic.gff.gz	GCF_023851605.1	https://ftp.ncbi.nlm.nih.gov/genomes/all/GCF/023/851/605/GCF_023851605.1_mTamTet1.pri/GCF_023851605.1_mTamTet1.pri_genomic.fna.gz	100.0	1.6	98.4	0.0	0.0
50954	Talpa occidentalis	ded40c893d9c7530071f6dbd828386a9	https://ftp.ncbi.nlm.nih.gov/genomes/all/GCF/014/898/055/GCF_014898055.3_MPIMG_talOcc4v2.1/GCF_014898055.3_MPIMG_talOcc4v2.1_genomic.gff.gz	GCF_014898055.3	https://ftp.ncbi.nlm.nih.gov/genomes/all/GCF/014/898/055/GCF_014898055.3_MPIMG_talOcc4v2.1/GCF_014898055.3_MPIMG_talOcc4v2.1_genomic.fna.gz	99.2	6.2	93.0	0.8	0.0
51337	Jaculus jaculus	a2d07a59821682c2d21640a10ec998db	https://ftp.ncbi.nlm.nih.gov/genomes/all/GCF/020/740/685/GCF_020740685.1_mJacJac1.mat.Y.cur/GCF_020740685.1_mJacJac1.mat.Y.cur_genomic.gff.gz	GCF_020740685.1	https://ftp.ncbi.nlm.nih.gov/genomes/all/GCF/020/740/685/GCF_020740685.1_mJacJac1.mat.Y.cur/GCF_020740685.1_mJacJac1.mat.Y.cur_genomic.fna.gz	100.0	10.9	89.1	0.0	0.0
51338	Castor canadensis	88f610066bda18563093bfb78919c004	https://ftp.ncbi.nlm.nih.gov/genomes/all/GCF/047/511/655/GCF_047511655.1_mCasCan1.hap1v2/GCF_047511655.1_mCasCan1.hap1v2_genomic.gff.gz	GCF_047511655.1	https://ftp.ncbi.nlm.nih.gov/genomes/all/GCF/047/511/655/GCF_047511655.1_mCasCan1.hap1v2/GCF_047511655.1_mCasCan1.hap1v2_genomic.fna.gz	100.0	3.1	96.9	0.0	0.0
53275	Rhizomys pruinosus	ecf1a9525978b1467ad206e098497f43	https://ftp.ebi.ac.uk/pub/ensemblorganisms/GCA/009/823/505/1/ensembl/2020_05/geneset/genes.gff3.gz	GCA_009823505.1	https://ftp.ncbi.nlm.nih.gov/genomes/all/GCA/009/823/505/GCA_009823505.1_RhiPru_1.0/GCA_009823505.1_RhiPru_1.0_genomic.fna.gz	89.9	3.1	86.8	6.2	3.9
54180	Trachypithecus francoisi	7e4d93dbf5c7f030461562c818b82cb8	https://ftp.ncbi.nlm.nih.gov/genomes/all/GCF/009/764/315/GCF_009764315.1_Tfra_2.0/GCF_009764315.1_Tfra_2.0_genomic.gff.gz	GCF_009764315.1	https://ftp.ncbi.nlm.nih.gov/genomes/all/GCF/009/764/315/GCF_009764315.1_Tfra_2.0/GCF_009764315.1_Tfra_2.0_genomic.fna.gz	96.9	6.2	90.7	1.6	1.6
55149	Sciurus vulgaris	9853a53d243703fb8410e4b2fdd6723b	https://ftp.ncbi.nlm.nih.gov/genomes/all/GCF/902/686/455/GCF_902686455.1_mSciVul1.2/GCF_902686455.1_mSciVul1.2_genomic.gff.gz	GCF_902686455.1	https://ftp.ncbi.nlm.nih.gov/genomes/all/GCF/902/686/455/GCF_902686455.1_mSciVul1.2/GCF_902686455.1_mSciVul1.2_genomic.fna.gz	100.0	9.3	90.7	0.0	0.0
59472	Pipistrellus kuhlii	156af3f9bbbb69c09a5a3d098d7d5f68	https://ftp.ncbi.nlm.nih.gov/genomes/all/GCF/014/108/245/GCF_014108245.1_mPipKuh1.p/GCF_014108245.1_mPipKuh1.p_genomic.gff.gz	GCF_014108245.1	https://ftp.ncbi.nlm.nih.gov/genomes/all/GCF/014/108/245/GCF_014108245.1_mPipKuh1.p/GCF_014108245.1_mPipKuh1.p_genomic.fna.gz	100.0	7.0	93.0	0.0	0.0
59479	Rhinolophus ferrumequinum	281180900bed581637c3b11a2e87f42e	https://ftp.ncbi.nlm.nih.gov/genomes/all/GCF/004/115/265/GCF_004115265.2_mRhiFer1_v1.p/GCF_004115265.2_mRhiFer1_v1.p_genomic.gff.gz	GCF_004115265.2	https://ftp.ncbi.nlm.nih.gov/genomes/all/GCF/004/115/265/GCF_004115265.2_mRhiFer1_v1.p/GCF_004115265.2_mRhiFer1_v1.p_genomic.fna.gz	99.2	8.5	90.7	0.8	0.0
59534	Oryx dammah	8334ba74e534c78707da0b936bae93bc	https://ftp.ncbi.nlm.nih.gov/genomes/all/GCF/014/754/425/GCF_014754425.2_SCBI_Odam_1.1/GCF_014754425.2_SCBI_Odam_1.1_genomic.gff.gz	GCF_014754425.2	https://ftp.ncbi.nlm.nih.gov/genomes/all/GCF/014/754/425/GCF_014754425.2_SCBI_Odam_1.1/GCF_014754425.2_SCBI_Odam_1.1_genomic.fna.gz	99.2	10.9	88.4	0.0	0.8
60711	Chlorocebus sabaeus	77e7d2e330aa7f35ecea4f37f1b36c94	https://ftp.ncbi.nlm.nih.gov/genomes/all/GCF/047/675/955/GCF_047675955.1_mChlSab1.0.hap1/GCF_047675955.1_mChlSab1.0.hap1_genomic.gff.gz	GCF_047675955.1	https://ftp.ncbi.nlm.nih.gov/genomes/all/GCF/047/675/955/GCF_047675955.1_mChlSab1.0.hap1/GCF_047675955.1_mChlSab1.0.hap1_genomic.fna.gz	98.4	3.1	95.3	1.6	0.0
60744	Acomys dimidiatus	bfe4e291766fe73bb4d4083d0962b750	https://ftp.ebi.ac.uk/pub/ensemblorganisms/GCA/907/164/435/1/ensembl/2022_07/geneset/genes.gff3.gz	GCA_907164435.1	https://ftp.ncbi.nlm.nih.gov/genomes/all/GCA/907/164/435/GCA_907164435.1_mAcoDim1_REL_1905/GCA_907164435.1_mAcoDim1_REL_1905_genomic.fna.gz	98.4	2.3	96.1	1.6	0.0
60746	Acomys russatus	0e4df02f50dbc26c33f326c5bab761db	https://ftp.ncbi.nlm.nih.gov/genomes/all/GCF/903/995/435/GCF_903995435.1_mAcoRus1.1/GCF_903995435.1_mAcoRus1.1_genomic.gff.gz	GCF_903995435.1	https://ftp.ncbi.nlm.nih.gov/genomes/all/GCF/903/995/435/GCF_903995435.1_mAcoRus1.1/GCF_903995435.1_mAcoRus1.1_genomic.fna.gz	100.0	3.9	96.1	0.0	0.0
61156	Arvicanthis niloticus	c315bbc71413825ea0cf19914cf90bf4	https://ftp.ncbi.nlm.nih.gov/genomes/all/GCF/011/762/505/GCF_011762505.2_mArvNil1.pat.X/GCF_011762505.2_mArvNil1.pat.X_genomic.gff.gz	GCF_011762505.2	https://ftp.ncbi.nlm.nih.gov/genomes/all/GCF/011/762/505/GCF_011762505.2_mArvNil1.pat.X/GCF_011762505.2_mArvNil1.pat.X_genomic.fna.gz	100.0	4.7	95.3	0.0	0.0
61383	Lynx canadensis	510d05f8c146309176eea8848fa94718	https://ftp.ncbi.nlm.nih.gov/genomes/all/GCF/007/474/595/GCF_007474595.2_mLynCan4.pri.v2/GCF_007474595.2_mLynCan4.pri.v2_genomic.gff.gz	GCF_007474595.2	https://ftp.ncbi.nlm.nih.gov/genomes/all/GCF/007/474/595/GCF_007474595.2_mLynCan4.pri.v2/GCF_007474595.2_mLynCan4.pri.v2_genomic.fna.gz	98.4	1.6	96.9	1.6	0.0
61384	Lynx rufus	3f9aa089343ea54859689897edc3ef44	https://ftp.ncbi.nlm.nih.gov/genomes/all/GCF/022/079/265/GCF_022079265.1_mLynRuf1.p/GCF_022079265.1_mLynRuf1.p_genomic.gff.gz	GCF_022079265.1	https://ftp.ncbi.nlm.nih.gov/genomes/all/GCF/022/079/265/GCF_022079265.1_mLynRuf1.p/GCF_022079265.1_mLynRuf1.p_genomic.fna.gz	99.2	1.6	97.7	0.8	0.0
61388	Prionailurus viverrinus	16ee03b41fbe87aa6936e29d0256e418	https://ftp.ncbi.nlm.nih.gov/genomes/all/GCF/022/837/055/GCF_022837055.1_UM_Priviv_1.0/GCF_022837055.1_UM_Priviv_1.0_genomic.gff.gz	GCF_022837055.1	https://ftp.ncbi.nlm.nih.gov/genomes/all/GCF/022/837/055/GCF_022837055.1_UM_Priviv_1.0/GCF_022837055.1_UM_Priviv_1.0_genomic.fna.gz	100.0	3.9	96.1	0.0	0.0
61452	Neofelis nebulosa	8ec60034489e5fd2ef42f5914b7a8cab	https://ftp.ebi.ac.uk/pub/ensemblorganisms/GCA/028/018/385/1/ensembl/2025_04/geneset/genes.gff3.gz	GCA_028018385.1	https://ftp.ncbi.nlm.nih.gov/genomes/all/GCA/028/018/385/GCA_028018385.1_mNeoNeb1.pri/GCA_028018385.1_mNeoNeb1.pri_genomic.fna.gz	100.0	6.2	93.8	0.0	0.0
61621	Rhinopithecus bieti	7f170bfb5fcea262c2b91bdbea8d37ea	https://ftp.ncbi.nlm.nih.gov/genomes/all/GCF/001/698/545/GCF_001698545.2_ASM169854v2/GCF_001698545.2_ASM169854v2_genomic.gff.gz	GCF_001698545.2	https://ftp.ncbi.nlm.nih.gov/genomes/all/GCF/001/698/545/GCF_001698545.2_ASM169854v2/GCF_001698545.2_ASM169854v2_genomic.fna.gz	94.6	0.8	93.8	4.7	0.8
61622	Rhinopithecus roxellana	0fc5ac2754356a483536b7461204f679	https://ftp.ncbi.nlm.nih.gov/genomes/all/GCF/007/565/055/GCF_007565055.1_ASM756505v1/GCF_007565055.1_ASM756505v1_genomic.gff.gz	GCF_007565055.1	https://ftp.ncbi.nlm.nih.gov/genomes/all/GCF/007/565/055/GCF_007565055.1_ASM756505v1/GCF_007565055.1_ASM756505v1_genomic.fna.gz	97.7	3.1	94.6	2.3	0.0
61853	Nomascus leucogenys	b422e92c046999c8221787964b7f22b1	https://ftp.ncbi.nlm.nih.gov/genomes/all/GCF/006/542/625/GCF_006542625.1_Asia_NLE_v1/GCF_006542625.1_Asia_NLE_v1_genomic.gff.gz	GCF_006542625.1	https://ftp.ncbi.nlm.nih.gov/genomes/all/GCF/006/542/625/GCF_006542625.1_Asia_NLE_v1/GCF_006542625.1_Asia_NLE_v1_genomic.fna.gz	97.7	3.1	94.6	2.3	0.0
61862	Plecotus auritus	8b1daf0a0bfbfe3d90eeec4757eefbfa	https://ftp.ebi.ac.uk/pub/ensemblorganisms/GCA/963/455/305/1/ensembl/2025_05/geneset/genes.gff3.gz	GCA_963455305.1	https://ftp.ncbi.nlm.nih.gov/genomes/all/GCA/963/455/305/GCA_963455305.1_mPleAur1.1/GCA_963455305.1_mPleAur1.1_genomic.fna.gz	98.4	3.1	95.3	0.8	0.8
62283	Sorex fumeus	20c013cc21e1eab7aab4267e85036552	https://ftp.ncbi.nlm.nih.gov/genomes/all/GCF/029/834/395/GCF_029834395.1_SorFum_2.1/GCF_029834395.1_SorFum_2.1_genomic.gff.gz	GCF_029834395.1	https://ftp.ncbi.nlm.nih.gov/genomes/all/GCF/029/834/395/GCF_029834395.1_SorFum_2.1/GCF_029834395.1_SorFum_2.1_genomic.fna.gz	100.0	1.6	98.4	0.0	0.0
68408	Moschus berezovskii	8ec285fc3303524f0372dd15bbd5e38f	https://ftp.ncbi.nlm.nih.gov/genomes/all/GCF/022/376/915/GCF_022376915.1_ASM2237691v1/GCF_022376915.1_ASM2237691v1_genomic.gff.gz	GCF_022376915.1	https://ftp.ncbi.nlm.nih.gov/genomes/all/GCF/022/376/915/GCF_022376915.1_ASM2237691v1/GCF_022376915.1_ASM2237691v1_genomic.fna.gz	98.4	12.4	86.0	0.8	0.8
68724	Canis aureus	dd390f715b73c7fe3274f5a379eb1c13	https://ftp.ncbi.nlm.nih.gov/genomes/all/GCF/053/574/225/GCF_053574225.1_VMU_Caureus_v.1.0/GCF_053574225.1_VMU_Caureus_v.1.0_genomic.gff.gz	GCF_053574225.1	https://ftp.ncbi.nlm.nih.gov/genomes/all/GCF/053/574/225/GCF_053574225.1_VMU_Caureus_v.1.0/GCF_053574225.1_VMU_Caureus_v.1.0_genomic.fna.gz	99.2	3.9	95.3	0.8	0.0
72004	Bos mutus	68e62493bf9a406d7a849aa6e829d8f9	https://ftp.ncbi.nlm.nih.gov/genomes/all/GCF/027/580/195/GCF_027580195.1_NWIPB_WYAK_1.1/GCF_027580195.1_NWIPB_WYAK_1.1_genomic.gff.gz	GCF_027580195.1	https://ftp.ncbi.nlm.nih.gov/genomes/all/GCF/027/580/195/GCF_027580195.1_NWIPB_WYAK_1.1/GCF_027580195.1_NWIPB_WYAK_1.1_genomic.fna.gz	98.4	2.3	96.1	1.6	0.0
73337	Ceratotherium simum simum	3ed89b429e4a1dc9d6b1daa3fc3bc0b5	https://ftp.ebi.ac.uk/pub/ensemblorganisms/GCA/023/653/735/1/ensembl/2022_09/geneset/genes.gff3.gz	GCA_023653735.1	https://ftp.ncbi.nlm.nih.gov/genomes/all/GCA/023/653/735/GCA_023653735.1_ASM2365373v1/GCA_023653735.1_ASM2365373v1_genomic.fna.gz	99.2	1.6	97.7	0.8	0.0
74864	Martes flavigula	aab089046e8c5d8dbf9e31c9d6e0a090	https://ftp.ebi.ac.uk/pub/ensemblorganisms/GCA/029/410/595/1/ensembl/2023_08/geneset/genes.gff3.gz	GCA_029410595.1	https://ftp.ncbi.nlm.nih.gov/genomes/all/GCA/029/410/595/GCA_029410595.1_ASM2941059v1/GCA_029410595.1_ASM2941059v1_genomic.fna.gz	99.2	3.9	95.3	0.8	0.0
76717	Lontra canadensis	01748f3d98f141d9751f12aa23b70d47	https://ftp.ncbi.nlm.nih.gov/genomes/all/GCF/010/015/895/GCF_010015895.1_GSC_riverotter_1.0/GCF_010015895.1_GSC_riverotter_1.0_genomic.gff.gz	GCF_010015895.1	https://ftp.ncbi.nlm.nih.gov/genomes/all/GCF/010/015/895/GCF_010015895.1_GSC_riverotter_1.0/GCF_010015895.1_GSC_riverotter_1.0_genomic.fna.gz	100.0	3.9	96.1	0.0	0.0
76772	Callospermophilus lateralis	14fdbf2f26030a26183476ee5922df7a	https://ftp.ncbi.nlm.nih.gov/genomes/all/GCA/048/772/815/GCA_048772815.1_mCalLat2.hap1/GCA_048772815.1_mCalLat2.hap1_genomic.gff.gz	GCA_048772815.1	https://ftp.ncbi.nlm.nih.gov/genomes/all/GCA/048/772/815/GCA_048772815.1_mCalLat2.hap1/GCA_048772815.1_mCalLat2.hap1_genomic.fna.gz	99.2	2.3	96.9	0.8	0.0
77151	Mustela nigripes	0d8d02f7236e0e1f7b24e8680095b153	https://ftp.ncbi.nlm.nih.gov/genomes/all/GCF/022/355/385/GCF_022355385.1_MUSNIG.SB6536/GCF_022355385.1_MUSNIG.SB6536_genomic.gff.gz	GCF_022355385.1	https://ftp.ncbi.nlm.nih.gov/genomes/all/GCF/022/355/385/GCF_022355385.1_MUSNIG.SB6536/GCF_022355385.1_MUSNIG.SB6536_genomic.fna.gz	100.0	6.2	93.8	0.0	0.0
77932	Diceros bicornis minor	116472476573ab8fae88abc6c341efa0	https://ftp.ncbi.nlm.nih.gov/genomes/all/GCF/020/826/845/GCF_020826845.1_mDicBic1.mat.cur/GCF_020826845.1_mDicBic1.mat.cur_genomic.gff.gz	GCF_020826845.1	https://ftp.ncbi.nlm.nih.gov/genomes/all/GCF/020/826/845/GCF_020826845.1_mDicBic1.mat.cur/GCF_020826845.1_mDicBic1.mat.cur_genomic.fna.gz	99.2	2.3	96.9	0.8	0.0
79684	Microtus ochrogaster	7d0b1292b47e9eab20211bc4ec667c35	https://ftp.ncbi.nlm.nih.gov/genomes/all/GCF/000/317/375/GCF_000317375.1_MicOch1.0/GCF_000317375.1_MicOch1.0_genomic.gff.gz	GCF_000317375.1	https://ftp.ncbi.nlm.nih.gov/genomes/all/GCF/000/317/375/GCF_000317375.1_MicOch1.0/GCF_000317375.1_MicOch1.0_genomic.fna.gz	100.0	0.8	99.2	0.0	0.0
79784	Tursiops aduncus	7e34a440657a805f3a4831a12f2fc6c3	https://ftp.ebi.ac.uk/pub/ensemblorganisms/GCA/003/227/395/1/ensembl/2020_06/geneset/genes.gff3.gz	GCA_003227395.1	https://ftp.ncbi.nlm.nih.gov/genomes/all/GCA/003/227/395/GCA_003227395.1_ASM322739v1/GCA_003227395.1_ASM322739v1_genomic.fna.gz	92.2	6.2	86.0	5.4	2.3
81572	Hylobates moloch	d301e25c904420cbad7fae8abe3a9b28	https://ftp.ncbi.nlm.nih.gov/genomes/all/GCF/009/828/535/GCF_009828535.3_HMol_V3/GCF_009828535.3_HMol_V3_genomic.gff.gz	GCF_009828535.3	https://ftp.ncbi.nlm.nih.gov/genomes/all/GCF/009/828/535/GCF_009828535.3_HMol_V3/GCF_009828535.3_HMol_V3_genomic.fna.gz	97.7	3.9	93.8	2.3	0.0
82174	Pseudorca crassidens	48ed2391aaf63acb576e130e8cef9cac	https://ftp.ncbi.nlm.nih.gov/genomes/all/GCF/039/906/515/GCF_039906515.1_mPseCra1.hap1/GCF_039906515.1_mPseCra1.hap1_genomic.gff.gz	GCF_039906515.1	https://ftp.ncbi.nlm.nih.gov/genomes/all/GCF/039/906/515/GCF_039906515.1_mPseCra1.hap1/GCF_039906515.1_mPseCra1.hap1_genomic.fna.gz	100.0	1.6	98.4	0.0	0.0
83653	Grampus griseus	15f43d38e44121792f2b0bc6adb9340c	https://ftp.ebi.ac.uk/pub/ensemblorganisms/GCA/964/374/135/1/ensembl/2025_05/geneset/genes.gff3.gz	GCA_964374135.1	https://ftp.ncbi.nlm.nih.gov/genomes/all/GCA/964/374/135/GCA_964374135.1_mGraGri1.hap1.1/GCA_964374135.1_mGraGri1.hap1.1_genomic.fna.gz	100.0	3.9	96.1	0.0	0.0
84702	Cervus hanglu yarkandensis	10f7b00641541b70d29685677946e7b7	https://ftp.ebi.ac.uk/pub/ensemblorganisms/GCA/010/411/085/1/ensembl/2020_02/geneset/genes.gff3.gz	GCA_010411085.1	https://ftp.ncbi.nlm.nih.gov/genomes/all/GCA/010/411/085/GCA_010411085.1_CEY_v1/GCA_010411085.1_CEY_v1_genomic.fna.gz	96.9	6.2	90.7	1.6	1.6
89248	Equus quagga	e34f1f75a9a719acc26aa751f9cb0e68	https://ftp.ncbi.nlm.nih.gov/genomes/all/GCF/021/613/505/GCF_021613505.1_UCLA_HA_Equagga_1.0/GCF_021613505.1_UCLA_HA_Equagga_1.0_genomic.gff.gz	GCF_021613505.1	https://ftp.ncbi.nlm.nih.gov/genomes/all/GCF/021/613/505/GCF_021613505.1_UCLA_HA_Equagga_1.0/GCF_021613505.1_UCLA_HA_Equagga_1.0_genomic.fna.gz	97.7	7.8	89.9	1.6	0.8
89399	Rhinolophus sinicus	bccccce1e42ff27e2d44c79e685b2fa8	https://ftp.ncbi.nlm.nih.gov/genomes/all/GCF/036/562/045/GCF_036562045.2_ASM3656204v1/GCF_036562045.2_ASM3656204v1_genomic.gff.gz	GCF_036562045.2	https://ftp.ncbi.nlm.nih.gov/genomes/all/GCF/036/562/045/GCF_036562045.2_ASM3656204v1/GCF_036562045.2_ASM3656204v1_genomic.fna.gz	97.7	0.8	96.9	1.6	0.8
89462	Bubalus bubalis	efd5b7045005564d1c3469aaa2eeba32	https://ftp.ncbi.nlm.nih.gov/genomes/all/GCF/019/923/935/GCF_019923935.1_NDDB_SH_1/GCF_019923935.1_NDDB_SH_1_genomic.gff.gz	GCF_019923935.1	https://ftp.ncbi.nlm.nih.gov/genomes/all/GCF/019/923/935/GCF_019923935.1_NDDB_SH_1/GCF_019923935.1_NDDB_SH_1_genomic.fna.gz	98.4	2.3	96.1	1.6	0.0
89673	Phyllostomus discolor	1561f18f9158783c37d4c34483737da5	https://ftp.ncbi.nlm.nih.gov/genomes/all/GCF/004/126/475/GCF_004126475.2_mPhyDis1.pri.v3/GCF_004126475.2_mPhyDis1.pri.v3_genomic.gff.gz	GCF_004126475.2	https://ftp.ncbi.nlm.nih.gov/genomes/all/GCF/004/126/475/GCF_004126475.2_mPhyDis1.pri.v3/GCF_004126475.2_mPhyDis1.pri.v3_genomic.fna.gz	100.0	1.6	98.4	0.0	0.0
93162	Marmota flaviventris	8f4d641772d331fd0e4ef21398e24745	https://ftp.ncbi.nlm.nih.gov/genomes/all/GCF/047/511/675/GCF_047511675.1_mMarFla1.hap1/GCF_047511675.1_mMarFla1.hap1_genomic.gff.gz	GCF_047511675.1	https://ftp.ncbi.nlm.nih.gov/genomes/all/GCF/047/511/675/GCF_047511675.1_mMarFla1.hap1/GCF_047511675.1_mMarFla1.hap1_genomic.fna.gz	99.2	3.9	95.3	0.8	0.0
94439	Tenrec ecaudatus	811131ccb7c2debdd68ec088800acf0d	https://ftp.ncbi.nlm.nih.gov/genomes/all/GCF/050/624/435/GCF_050624435.1_mTenEca1.hap1/GCF_050624435.1_mTenEca1.hap1_genomic.gff.gz	GCF_050624435.1	https://ftp.ncbi.nlm.nih.gov/genomes/all/GCF/050/624/435/GCF_050624435.1_mTenEca1.hap1/GCF_050624435.1_mTenEca1.hap1_genomic.fna.gz	98.4	2.3	96.1	0.0	1.6
95912	Hyaena hyaena	f47d5ae7a1d72805e4aa32b3d9a7e551	https://ftp.ncbi.nlm.nih.gov/genomes/all/GCF/003/009/895/GCF_003009895.1_ASM300989v1/GCF_003009895.1_ASM300989v1_genomic.gff.gz	GCF_003009895.1	https://ftp.ncbi.nlm.nih.gov/genomes/all/GCF/003/009/895/GCF_003009895.1_ASM300989v1/GCF_003009895.1_ASM300989v1_genomic.fna.gz	99.2	3.9	95.3	0.8	0.0
98922	Myotis daubentonii	55aeb32c412f0046c31f359e039375f2	https://ftp.ncbi.nlm.nih.gov/genomes/all/GCF/963/259/705/GCF_963259705.1_mMyoDau2.1/GCF_963259705.1_mMyoDau2.1_genomic.gff.gz	GCF_963259705.1	https://ftp.ncbi.nlm.nih.gov/genomes/all/GCF/963/259/705/GCF_963259705.1_mMyoDau2.1/GCF_963259705.1_mMyoDau2.1_genomic.fna.gz	99.2	10.9	88.4	0.8	0.0
99487	Elephas maximus indicus	1760105ffc913d2e30c86b990fa27e97	https://ftp.ebi.ac.uk/pub/ensemblorganisms/GCA/024/166/365/1/ensembl/2023_06/geneset/genes.gff3.gz	GCA_024166365.1	https://ftp.ncbi.nlm.nih.gov/genomes/all/GCA/024/166/365/GCA_024166365.1_mEleMax1_primary_haplotype/GCA_024166365.1_mEleMax1_primary_haplotype_genomic.fna.gz	100.0	1.6	98.4	0.0	0.0
100897	Alexandromys fortis	d5b11d5bb0d5c1cc8b0b04b174e91db5	https://ftp.ncbi.nlm.nih.gov/genomes/all/GCF/014/885/135/GCF_014885135.2_M_Fortis_MF-2015_v1.1/GCF_014885135.2_M_Fortis_MF-2015_v1.1_genomic.gff.gz	GCF_014885135.2	https://ftp.ncbi.nlm.nih.gov/genomes/all/GCF/014/885/135/GCF_014885135.2_M_Fortis_MF-2015_v1.1/GCF_014885135.2_M_Fortis_MF-2015_v1.1_genomic.fna.gz	99.2	8.5	90.7	0.0	0.8
103600	Sousa chinensis	f5a9e2e0070ddfdc56bca40eca4e1a94	https://ftp.ebi.ac.uk/pub/ensemblorganisms/GCA/007/760/645/1/ensembl/2020_10/geneset/genes.gff3.gz	GCA_007760645.1	https://ftp.ncbi.nlm.nih.gov/genomes/all/GCA/007/760/645/GCA_007760645.1_ASM776064v1/GCA_007760645.1_ASM776064v1_genomic.fna.gz	95.3	3.9	91.5	3.1	1.6
105255	Dipodomys spectabilis	24eda1bc0b8d93ecb4f77d61d30ee1a0	https://ftp.ncbi.nlm.nih.gov/genomes/all/GCF/019/054/845/GCF_019054845.1_ASM1905484v1/GCF_019054845.1_ASM1905484v1_genomic.gff.gz	GCF_019054845.1	https://ftp.ncbi.nlm.nih.gov/genomes/all/GCF/019/054/845/GCF_019054845.1_ASM1905484v1/GCF_019054845.1_ASM1905484v1_genomic.fna.gz	99.2	5.4	93.8	0.8	0.0
109475	Suncus etruscus	ba453c053fd8ec92f0d01e69ca7078a9	https://ftp.ncbi.nlm.nih.gov/genomes/all/GCF/024/139/225/GCF_024139225.1_mSunEtr1.pri.cur/GCF_024139225.1_mSunEtr1.pri.cur_genomic.gff.gz	GCF_024139225.1	https://ftp.ncbi.nlm.nih.gov/genomes/all/GCF/024/139/225/GCF_024139225.1_mSunEtr1.pri.cur/GCF_024139225.1_mSunEtr1.pri.cur_genomic.fna.gz	100.0	7.0	93.0	0.0	0.0
109678	Phodopus roborovskii	9ee2e3491e11b724bcc800e142206698	https://ftp.ncbi.nlm.nih.gov/genomes/all/GCF/943/737/965/GCF_943737965.1_PHOROB/GCF_943737965.1_PHOROB_genomic.gff.gz	GCF_943737965.1	https://ftp.ncbi.nlm.nih.gov/genomes/all/GCF/943/737/965/GCF_943737965.1_PHOROB/GCF_943737965.1_PHOROB_genomic.fna.gz	99.2	7.8	91.5	0.8	0.0
110931	Cynocephalus volans	a2b9e1d85af99cbbe61d8886544803db	https://ftp.ebi.ac.uk/pub/ensemblorganisms/GCA/027/409/185/1/ensembl/2024_02/geneset/genes.gff3.gz	GCA_027409185.1	https://ftp.ncbi.nlm.nih.gov/genomes/all/GCA/027/409/185/GCA_027409185.1_mCynVol1.pri/GCA_027409185.1_mCynVol1.pri_genomic.fna.gz	98.4	3.9	94.6	0.0	1.6
111838	Microtus oregoni	efee097580416f18a8d829b7d63928e0	https://ftp.ncbi.nlm.nih.gov/genomes/all/GCF/018/167/655/GCF_018167655.1_Mior012/GCF_018167655.1_Mior012_genomic.gff.gz	GCF_018167655.1	https://ftp.ncbi.nlm.nih.gov/genomes/all/GCF/018/167/655/GCF_018167655.1_Mior012/GCF_018167655.1_Mior012_genomic.fna.gz	100.0	16.3	83.7	0.0	0.0
118797	Lipotes vexillifer	2cd71646af4425c7107f35595c2ed437	https://ftp.ncbi.nlm.nih.gov/genomes/all/GCF/000/442/215/GCF_000442215.2_Lipotes_vexillifer_v1.1/GCF_000442215.2_Lipotes_vexillifer_v1.1_genomic.gff.gz	GCF_000442215.2	https://ftp.ncbi.nlm.nih.gov/genomes/all/GCF/000/442/215/GCF_000442215.2_Lipotes_vexillifer_v1.1/GCF_000442215.2_Lipotes_vexillifer_v1.1_genomic.fna.gz	99.2	1.6	97.7	0.8	0.0
127582	Trichechus manatus latirostris	5913f77e78ba4384d2d09a3a543ed902	https://ftp.ncbi.nlm.nih.gov/genomes/all/GCF/000/243/295/GCF_000243295.1_TriManLat1.0/GCF_000243295.1_TriManLat1.0_genomic.gff.gz	GCF_000243295.1	https://ftp.ncbi.nlm.nih.gov/genomes/all/GCF/000/243/295/GCF_000243295.1_TriManLat1.0/GCF_000243295.1_TriManLat1.0_genomic.fna.gz	97.7	0.8	96.9	2.3	0.0
130825	Ochotona curzoniae	b4df5592e972262ee39b8debb1854dd8	https://ftp.ncbi.nlm.nih.gov/genomes/all/GCF/017/591/425/GCF_017591425.1_NIBS_Ocur_1.0/GCF_017591425.1_NIBS_Ocur_1.0_genomic.gff.gz	GCF_017591425.1	https://ftp.ncbi.nlm.nih.gov/genomes/all/GCF/017/591/425/GCF_017591425.1_NIBS_Ocur_1.0/GCF_017591425.1_NIBS_Ocur_1.0_genomic.fna.gz	100.0	9.3	90.7	0.0	0.0
132908	Pteropus vampyrus	2be2660c124b76f051848acb7519b081	https://ftp.ncbi.nlm.nih.gov/genomes/all/GCF/000/151/845/GCF_000151845.1_Pvam_2.0/GCF_000151845.1_Pvam_2.0_genomic.gff.gz	GCF_000151845.1	https://ftp.ncbi.nlm.nih.gov/genomes/all/GCF/000/151/845/GCF_000151845.1_Pvam_2.0/GCF_000151845.1_Pvam_2.0_genomic.fna.gz	92.2	3.9	88.4	7.8	0.0
143281	Canis lupus baileyi	ef104d27bfef988b61d69a1e3b6fee39	https://ftp.ncbi.nlm.nih.gov/genomes/all/GCF/048/164/855/GCF_048164855.1_mCanLup2.hap1/GCF_048164855.1_mCanLup2.hap1_genomic.gff.gz	GCF_048164855.1	https://ftp.ncbi.nlm.nih.gov/genomes/all/GCF/048/164/855/GCF_048164855.1_mCanLup2.hap1/GCF_048164855.1_mCanLup2.hap1_genomic.fna.gz	100.0	4.7	95.3	0.0	0.0
143287	Cavia tschudii	8bf5d3c67dcab35250ec79f7a47de163	https://ftp.ebi.ac.uk/pub/ensemblorganisms/GCA/004/027/695/1/ensembl/2021_01/geneset/genes.gff3.gz	GCA_004027695.1	https://ftp.ncbi.nlm.nih.gov/genomes/all/GCA/004/027/695/GCA_004027695.1_CavTsc_v1_BIUU/GCA_004027695.1_CavTsc_v1_BIUU_genomic.fna.gz	90.7	0.8	89.9	7.8	1.6
143291	Pteropus medius	f9c4940cdcfbb4afbe83409b4389071f	https://ftp.ncbi.nlm.nih.gov/genomes/all/GCF/902/729/225/GCF_902729225.1_Ma_sr-lr_union100/GCF_902729225.1_Ma_sr-lr_union100_genomic.gff.gz	GCF_902729225.1	https://ftp.ncbi.nlm.nih.gov/genomes/all/GCF/902/729/225/GCF_902729225.1_Ma_sr-lr_union100/GCF_902729225.1_Ma_sr-lr_union100_genomic.fna.gz	98.4	3.1	95.3	0.8	0.8
143292	Manis pentadactyla	673430bf32c9a85db2c488684962f6cd	https://ftp.ncbi.nlm.nih.gov/genomes/all/GCF/030/020/395/GCF_030020395.1_mManPen7.hap1/GCF_030020395.1_mManPen7.hap1_genomic.gff.gz	GCF_030020395.1	https://ftp.ncbi.nlm.nih.gov/genomes/all/GCF/030/020/395/GCF_030020395.1_mManPen7.hap1/GCF_030020395.1_mManPen7.hap1_genomic.fna.gz	99.2	3.9	95.3	0.8	0.0
143302	Condylura cristata	66e521cb1f5b266ee4c00ff72f4931a4	https://ftp.ncbi.nlm.nih.gov/genomes/all/GCF/000/260/355/GCF_000260355.1_ConCri1.0/GCF_000260355.1_ConCri1.0_genomic.gff.gz	GCF_000260355.1	https://ftp.ncbi.nlm.nih.gov/genomes/all/GCF/000/260/355/GCF_000260355.1_ConCri1.0/GCF_000260355.1_ConCri1.0_genomic.fna.gz	94.6	0.8	93.8	4.7	0.8
175524	Hipposideros larvatus	205486928d043f28abdae5e6f9d28586	https://ftp.ncbi.nlm.nih.gov/genomes/all/GCA/031/876/335/GCA_031876335.1_mHipLar1.pri/GCA_031876335.1_mHipLar1.pri_genomic.gff.gz	GCA_031876335.1	https://ftp.ncbi.nlm.nih.gov/genomes/all/GCA/031/876/335/GCA_031876335.1_mHipLar1.pri/GCA_031876335.1_mHipLar1.pri_genomic.fna.gz	98.4	1.6	96.9	1.6	0.0
185453	Chrysochloris asiatica	69401e504b1f6aae98b643f18efcb7b1	https://ftp.ncbi.nlm.nih.gov/genomes/all/GCF/000/296/735/GCF_000296735.1_ChrAsi1.0/GCF_000296735.1_ChrAsi1.0_genomic.gff.gz	GCF_000296735.1	https://ftp.ncbi.nlm.nih.gov/genomes/all/GCF/000/296/735/GCF_000296735.1_ChrAsi1.0/GCF_000296735.1_ChrAsi1.0_genomic.fna.gz	96.1	2.3	93.8	3.1	0.8
186990	Hipposideros armiger	a8297e675479e6510eba893688609783	https://ftp.ncbi.nlm.nih.gov/genomes/all/GCF/001/890/085/GCF_001890085.2_ASM189008v1/GCF_001890085.2_ASM189008v1_genomic.gff.gz	GCF_001890085.2	https://ftp.ncbi.nlm.nih.gov/genomes/all/GCF/001/890/085/GCF_001890085.2_ASM189008v1/GCF_001890085.2_ASM189008v1_genomic.fna.gz	93.0	1.6	91.5	5.4	1.6
191870	Gracilinanus agilis	7d797e1434ae8f2351ff0667a07c5a1d	https://ftp.ncbi.nlm.nih.gov/genomes/all/GCF/016/433/145/GCF_016433145.1_AgileGrace/GCF_016433145.1_AgileGrace_genomic.gff.gz	GCF_016433145.1	https://ftp.ncbi.nlm.nih.gov/genomes/all/GCF/016/433/145/GCF_016433145.1_AgileGrace/GCF_016433145.1_AgileGrace_genomic.fna.gz	98.4	12.4	86.0	1.6	0.0
214514	Perognathus longimembris pacificus	4172c5de01389250b6e3db1a72fcb67a	https://ftp.ncbi.nlm.nih.gov/genomes/all/GCF/023/159/225/GCF_023159225.1_ASM2315922v1/GCF_023159225.1_ASM2315922v1_genomic.gff.gz	GCF_023159225.1	https://ftp.ncbi.nlm.nih.gov/genomes/all/GCF/023/159/225/GCF_023159225.1_ASM2315922v1/GCF_023159225.1_ASM2315922v1_genomic.fna.gz	100.0	5.4	94.6	0.0	0.0
230844	Peromyscus maniculatus bairdii	799f40a55bd8e0b3cbd6d29dffd18ece	https://ftp.ncbi.nlm.nih.gov/genomes/all/GCF/049/852/395/GCF_049852395.1_HU_Pman_BW_mat_3.1/GCF_049852395.1_HU_Pman_BW_mat_3.1_genomic.gff.gz	GCF_049852395.1	https://ftp.ncbi.nlm.nih.gov/genomes/all/GCF/049/852/395/GCF_049852395.1_HU_Pman_BW_mat_3.1/GCF_049852395.1_HU_Pman_BW_mat_3.1_genomic.fna.gz	100.0	4.7	95.3	0.0	0.0
246437	Tupaia belangeri chinensis	667fe5155c9cf65d7133796f19f7b095	https://ftp.ebi.ac.uk/pub/ensemblorganisms/GCA/033/439/345/1/ensembl/2024_02/geneset/genes.gff3.gz	GCA_033439345.1	https://ftp.ncbi.nlm.nih.gov/genomes/all/GCA/033/439/345/GCA_033439345.1_KIZ_version_2/GCA_033439345.1_KIZ_version_2_genomic.fna.gz	94.6	0.8	93.8	3.9	1.6
248799	Lophiomys imhausi	f50fef73949234db5089d4b28348c349	https://ftp.ebi.ac.uk/pub/ensemblorganisms/GCA/907/164/525/1/ensembl/2024_05/geneset/genes.gff3.gz	GCA_907164525.1	https://ftp.ncbi.nlm.nih.gov/genomes/all/GCA/907/164/525/GCA_907164525.1_mLopImh1.curated_primary_1811/GCA_907164525.1_mLopImh1.curated_primary_1811_genomic.fna.gz	96.1	2.3	93.8	1.6	2.3
249018	Saccopteryx leptura	0dc9969ed45e647e63748e52834be609	https://ftp.ncbi.nlm.nih.gov/genomes/all/GCF/036/850/995/GCF_036850995.1_mSacLep1_pri_phased_curated/GCF_036850995.1_mSacLep1_pri_phased_curated_genomic.gff.gz	GCF_036850995.1	https://ftp.ncbi.nlm.nih.gov/genomes/all/GCF/036/850/995/GCF_036850995.1_mSacLep1_pri_phased_curated/GCF_036850995.1_mSacLep1_pri_phased_curated_genomic.fna.gz	99.2	3.9	95.3	0.8	0.0
257877	Macaca thibetana thibetana	a871b7a707fe5ff765729f97a5d772ab	https://ftp.ncbi.nlm.nih.gov/genomes/all/GCF/024/542/745/GCF_024542745.1_ASM2454274v1/GCF_024542745.1_ASM2454274v1_genomic.gff.gz	GCF_024542745.1	https://ftp.ncbi.nlm.nih.gov/genomes/all/GCF/024/542/745/GCF_024542745.1_ASM2454274v1/GCF_024542745.1_ASM2454274v1_genomic.fna.gz	99.2	3.9	95.3	0.0	0.8
258863	Mops condylurus	d7b8f3ee238e59711bb84b761125f474	https://ftp.ncbi.nlm.nih.gov/genomes/all/GCA/043/748/645/GCA_043748645.1_ASM4374864v1/GCA_043748645.1_ASM4374864v1_genomic.gff.gz	GCA_043748645.1	https://ftp.ncbi.nlm.nih.gov/genomes/all/GCA/043/748/645/GCA_043748645.1_ASM4374864v1/GCA_043748645.1_ASM4374864v1_genomic.fna.gz	100.0	3.1	96.9	0.0	0.0
269649	Chionomys nivalis	3d82789cec22f430ce780491456f9214	https://ftp.ncbi.nlm.nih.gov/genomes/all/GCF/950/005/125/GCF_950005125.1_mChiNiv1.1/GCF_950005125.1_mChiNiv1.1_genomic.gff.gz	GCF_950005125.1	https://ftp.ncbi.nlm.nih.gov/genomes/all/GCF/950/005/125/GCF_950005125.1_mChiNiv1.1/GCF_950005125.1_mChiNiv1.1_genomic.fna.gz	100.0	14.7	85.3	0.0	0.0
273917	Vicugna vicugna mensalis	eb75013a3787eb968e1d2a0014d82ff8	https://ftp.ebi.ac.uk/pub/ensemblorganisms/GCA/013/265/495/1/ensembl/2020_07/geneset/genes.gff3.gz	GCA_013265495.1	https://ftp.ncbi.nlm.nih.gov/genomes/all/GCA/013/265/495/GCA_013265495.1_ASM1326549v1/GCA_013265495.1_ASM1326549v1_genomic.fna.gz	99.2	0.8	98.4	0.0	0.8
286419	Canis lupus dingo	ec89061c4d16e3258bbb50ef2f600e4e	https://ftp.ncbi.nlm.nih.gov/genomes/all/GCF/003/254/725/GCF_003254725.2_ASM325472v2/GCF_003254725.2_ASM325472v2_genomic.gff.gz	GCF_003254725.2	https://ftp.ncbi.nlm.nih.gov/genomes/all/GCF/003/254/725/GCF_003254725.2_ASM325472v2/GCF_003254725.2_ASM325472v2_genomic.fna.gz	98.4	5.4	93.0	1.6	0.0
291302	Miniopterus natalensis	fefe4dba5076d8950c488ff0f87792b2	https://ftp.ncbi.nlm.nih.gov/genomes/all/GCF/001/595/765/GCF_001595765.1_Mnat.v1/GCF_001595765.1_Mnat.v1_genomic.gff.gz	GCF_001595765.1	https://ftp.ncbi.nlm.nih.gov/genomes/all/GCF/001/595/765/GCF_001595765.1_Mnat.v1/GCF_001595765.1_Mnat.v1_genomic.fna.gz	96.9	1.6	95.3	3.1	0.0
336983	Colobus angolensis palliatus	dc0bbd0ca3000d5bfabfe27947adb3a1	https://ftp.ebi.ac.uk/pub/ensemblorganisms/GCA/000/951/035/1/ensembl/2017_12/geneset/genes.gff3.gz	GCA_000951035.1	https://ftp.ncbi.nlm.nih.gov/genomes/all/GCA/000/951/035/GCA_000951035.1_Cang.pa_1.0/GCA_000951035.1_Cang.pa_1.0_genomic.fna.gz	95.3	2.3	93.0	3.1	1.6
379532	Propithecus coquereli	1a7da2c63ed1d1eafc487d8a98daa4da	https://ftp.ncbi.nlm.nih.gov/genomes/all/GCF/000/956/105/GCF_000956105.1_Pcoq_1.0/GCF_000956105.1_Pcoq_1.0_genomic.gff.gz	GCF_000956105.1	https://ftp.ncbi.nlm.nih.gov/genomes/all/GCF/000/956/105/GCF_000956105.1_Pcoq_1.0/GCF_000956105.1_Pcoq_1.0_genomic.fna.gz	91.5	1.6	89.9	6.2	2.3
391180	Enhydra lutris kenyoni	900c0fee2766d414f0019cd1c9d4270d	https://ftp.ncbi.nlm.nih.gov/genomes/all/GCF/002/288/905/GCF_002288905.1_ASM228890v2/GCF_002288905.1_ASM228890v2_genomic.gff.gz	GCF_002288905.1	https://ftp.ncbi.nlm.nih.gov/genomes/all/GCF/002/288/905/GCF_002288905.1_ASM228890v2/GCF_002288905.1_ASM228890v2_genomic.fna.gz	99.2	2.3	96.9	0.8	0.0
419612	Camelus ferus	1872ded6f789995c2c70b52c21515b60	https://ftp.ebi.ac.uk/pub/ensemblorganisms/GCA/009/834/535/1/ensembl/2020_10/geneset/genes.gff3.gz	GCA_009834535.1	https://ftp.ncbi.nlm.nih.gov/genomes/all/GCA/009/834/535/GCA_009834535.1_BCGSAC_Cfer_1.0/GCA_009834535.1_BCGSAC_Cfer_1.0_genomic.fna.gz	99.2	1.6	97.7	0.8	0.0
447135	Myodes glareolus	2fcd45eb13dc3d5bf07c524af86323e2	https://ftp.ncbi.nlm.nih.gov/genomes/all/GCF/055/000/105/GCF_055000105.1_ASM5500010v1/GCF_055000105.1_ASM5500010v1_genomic.gff.gz	GCF_055000105.1	https://ftp.ncbi.nlm.nih.gov/genomes/all/GCF/055/000/105/GCF_055000105.1_ASM5500010v1/GCF_055000105.1_ASM5500010v1_genomic.fna.gz	94.6	1.6	93.0	4.7	0.8
452646	Neogale vison	6da1b23effebb17349db9aa3f3590a92	https://ftp.ncbi.nlm.nih.gov/genomes/all/GCF/020/171/115/GCF_020171115.1_ASM_NN_V1/GCF_020171115.1_ASM_NN_V1_genomic.gff.gz	GCF_020171115.1	https://ftp.ncbi.nlm.nih.gov/genomes/all/GCF/020/171/115/GCF_020171115.1_ASM_NN_V1/GCF_020171115.1_ASM_NN_V1_genomic.fna.gz	99.2	7.8	91.5	0.8	0.0
482537	Galeopterus variegatus	1eed7d309da67c93eb0c7ce1c5efa6d8	https://ftp.ncbi.nlm.nih.gov/genomes/all/GCF/000/696/425/GCF_000696425.1_G_variegatus-3.0.2/GCF_000696425.1_G_variegatus-3.0.2_genomic.gff.gz	GCF_000696425.1	https://ftp.ncbi.nlm.nih.gov/genomes/all/GCF/000/696/425/GCF_000696425.1_G_variegatus-3.0.2/GCF_000696425.1_G_variegatus-3.0.2_genomic.fna.gz	93.8	4.7	89.1	6.2	0.0
491861	Grammomys surdaster	98317ebe65a5aef5641c2510534231c6	https://ftp.ncbi.nlm.nih.gov/genomes/all/GCF/004/785/775/GCF_004785775.1_NIH_TR_1.0/GCF_004785775.1_NIH_TR_1.0_genomic.gff.gz	GCF_004785775.1	https://ftp.ncbi.nlm.nih.gov/genomes/all/GCF/004/785/775/GCF_004785775.1_NIH_TR_1.0/GCF_004785775.1_NIH_TR_1.0_genomic.fna.gz	99.2	5.4	93.8	0.0	0.8
494514	Vulpes lagopus	850f19473a69f01f9e3b10f4c73db2fe	https://ftp.ncbi.nlm.nih.gov/genomes/all/GCA/963/924/105/GCA_963924105.1_Vulpes_lagopus_2023_11/GCA_963924105.1_Vulpes_lagopus_2023_11_genomic.gff.gz	GCA_963924105.1	https://ftp.ncbi.nlm.nih.gov/genomes/all/GCA/963/924/105/GCA_963924105.1_Vulpes_lagopus_2023_11/GCA_963924105.1_Vulpes_lagopus_2023_11_genomic.fna.gz	100.0	5.4	94.6	0.0	0.0
564181	Peromyscus californicus insignis	6cf40c7857248e311ff39309a73fd51e	https://ftp.ncbi.nlm.nih.gov/genomes/all/GCF/007/827/085/GCF_007827085.1_ASM782708v3/GCF_007827085.1_ASM782708v3_genomic.gff.gz	GCF_007827085.1	https://ftp.ncbi.nlm.nih.gov/genomes/all/GCF/007/827/085/GCF_007827085.1_ASM782708v3/GCF_007827085.1_ASM782708v3_genomic.fna.gz	97.7	4.7	93.0	1.6	0.8
575201	Hippopotamus amphibius kiboko	ac5a353687cab32039df3beb26775c7d	https://ftp.ebi.ac.uk/pub/ensemblorganisms/GCA/030/028/045/1/ensembl/2025_11/geneset/genes.gff3.gz	GCA_030028045.1	https://ftp.ncbi.nlm.nih.gov/genomes/all/GCA/030/028/045/GCA_030028045.1_mHipAmp2.hap2/GCA_030028045.1_mHipAmp2.hap2_genomic.fna.gz	99.2	5.4	93.8	0.8	0.0
591936	Piliocolobus tephrosceles	9ab21f9bdfa4e23824cfa1ae5b84f4f8	https://ftp.ncbi.nlm.nih.gov/genomes/all/GCF/002/776/525/GCF_002776525.5_ASM277652v5/GCF_002776525.5_ASM277652v5_genomic.gff.gz	GCF_002776525.5	https://ftp.ncbi.nlm.nih.gov/genomes/all/GCF/002/776/525/GCF_002776525.5_ASM277652v5/GCF_002776525.5_ASM277652v5_genomic.fna.gz	96.1	3.9	92.2	3.9	0.0
859984	Eulemur rufifrons	9db4db960ccfc1a45e6aba0c83135ac0	https://ftp.ncbi.nlm.nih.gov/genomes/all/GCF/041/146/395/GCF_041146395.1_OSU_ERuf_1/GCF_041146395.1_OSU_ERuf_1_genomic.gff.gz	GCF_041146395.1	https://ftp.ncbi.nlm.nih.gov/genomes/all/GCF/041/146/395/GCF_041146395.1_OSU_ERuf_1/GCF_041146395.1_OSU_ERuf_1_genomic.fna.gz	97.7	3.1	94.6	1.6	0.8
1026970	Nannospalax galili	fe250170cdcf6699afc3ea5135f4cd43	https://ftp.ncbi.nlm.nih.gov/genomes/all/GCF/000/622/305/GCF_000622305.1_S.galili_v1.0/GCF_000622305.1_S.galili_v1.0_genomic.gff.gz	GCF_000622305.1	https://ftp.ncbi.nlm.nih.gov/genomes/all/GCF/000/622/305/GCF_000622305.1_S.galili_v1.0/GCF_000622305.1_S.galili_v1.0_genomic.fna.gz	96.1	0.8	95.3	1.6	2.3
1047088	Arvicola amphibius	20e25a47aa3c031be5019d2ea01acf8e	https://ftp.ncbi.nlm.nih.gov/genomes/all/GCF/903/992/535/GCF_903992535.2_mArvAmp1.2/GCF_903992535.2_mArvAmp1.2_genomic.gff.gz	GCF_903992535.2	https://ftp.ncbi.nlm.nih.gov/genomes/all/GCF/903/992/535/GCF_903992535.2_mArvAmp1.2/GCF_903992535.2_mArvAmp1.2_genomic.fna.gz	99.2	7.8	91.5	0.8	0.0
1230840	Orycteropus afer afer	31a6bc15154109c8345245660eb48804	https://ftp.ncbi.nlm.nih.gov/genomes/all/GCF/000/298/275/GCF_000298275.1_OryAfe1.0/GCF_000298275.1_OryAfe1.0_genomic.gff.gz	GCF_000298275.1	https://ftp.ncbi.nlm.nih.gov/genomes/all/GCF/000/298/275/GCF_000298275.1_OryAfe1.0/GCF_000298275.1_OryAfe1.0_genomic.fna.gz	97.7	3.1	94.6	2.3	0.0
1574408	Cervus canadensis	e2d7e1cbddb43314ca354e2cb8cfd31a	https://ftp.ncbi.nlm.nih.gov/genomes/all/GCF/019/320/065/GCF_019320065.1_ASM1932006v1/GCF_019320065.1_ASM1932006v1_genomic.gff.gz	GCF_019320065.1	https://ftp.ncbi.nlm.nih.gov/genomes/all/GCF/019/320/065/GCF_019320065.1_ASM1932006v1/GCF_019320065.1_ASM1932006v1_genomic.fna.gz	99.2	7.8	91.5	0.0	0.8
1608482	Herpailurus yagouaroundi	0053b46394d04bc14d8ed1c68f2f9b89	https://ftp.ncbi.nlm.nih.gov/genomes/all/GCF/014/898/765/GCF_014898765.1_PumYag/GCF_014898765.1_PumYag_genomic.gff.gz	GCF_014898765.1	https://ftp.ncbi.nlm.nih.gov/genomes/all/GCF/014/898/765/GCF_014898765.1_PumYag/GCF_014898765.1_PumYag_genomic.fna.gz	99.2	1.6	97.7	0.8	0.0
1706337	Neophocaena asiaeorientalis asiaeorientalis	629291e13532c4ac7befb6668525a02d	https://ftp.ncbi.nlm.nih.gov/genomes/all/GCF/003/031/525/GCF_003031525.2_Neophocaena_asiaeorientalis_V1.1/GCF_003031525.2_Neophocaena_asiaeorientalis_V1.1_genomic.gff.gz	GCF_003031525.2	https://ftp.ncbi.nlm.nih.gov/genomes/all/GCF/003/031/525/GCF_003031525.2_Neophocaena_asiaeorientalis_V1.1/GCF_003031525.2_Neophocaena_asiaeorientalis_V1.1_genomic.fna.gz	100.0	1.6	98.4	0.0	0.0
1868482	Carlito syrichta	8139bb961ce2ea56cb3d2ad142afa0d6	https://ftp.ebi.ac.uk/pub/ensemblorganisms/GCA/000/164/805/2/ensembl/2020_03/geneset/genes.gff3.gz	GCA_000164805.2	https://ftp.ncbi.nlm.nih.gov/genomes/all/GCA/000/164/805/GCA_000164805.2_Tarsius_syrichta-2.0.1/GCA_000164805.2_Tarsius_syrichta-2.0.1_genomic.fna.gz	92.2	5.4	86.8	5.4	2.3
1884717	Pteronotus mesoamericanus	53356ef643b5555d2dc569d369576b58	https://ftp.ncbi.nlm.nih.gov/genomes/all/GCF/021/234/165/GCF_021234165.1_CSHL_Meso_final/GCF_021234165.1_CSHL_Meso_final_genomic.gff.gz	GCF_021234165.1	https://ftp.ncbi.nlm.nih.gov/genomes/all/GCF/021/234/165/GCF_021234165.1_CSHL_Meso_final/GCF_021234165.1_CSHL_Meso_final_genomic.fna.gz	100.0	4.7	95.3	0.0	0.0
2715852	Cebus imitator	a2b25c96a0d225050c1bfa3786d68e83	https://ftp.ncbi.nlm.nih.gov/genomes/all/GCF/001/604/975/GCF_001604975.1_Cebus_imitator-1.0/GCF_001604975.1_Cebus_imitator-1.0_genomic.gff.gz	GCF_001604975.1	https://ftp.ncbi.nlm.nih.gov/genomes/all/GCF/001/604/975/GCF_001604975.1_Cebus_imitator-1.0/GCF_001604975.1_Cebus_imitator-1.0_genomic.fna.gz	99.2	7.8	91.5	0.0	0.8
2746895	Balaenoptera ricei	15fcb7e37cd6a291fb23b94eed590fe3	https://ftp.ebi.ac.uk/pub/ensemblorganisms/GCA/028/023/285/1/ensembl/2024_06/geneset/genes.gff3.gz	GCA_028023285.1	https://ftp.ncbi.nlm.nih.gov/genomes/all/GCA/028/023/285/GCA_028023285.1_mBalRic1.hap2/GCA_028023285.1_mBalRic1.hap2_genomic.fna.gz	100.0	2.3	97.7	0.0	0.0
3119969	Bubalus kerabau	231b9f414fa7d19b95a089b35c271519	https://ftp.ncbi.nlm.nih.gov/genomes/all/GCF/029/407/905/GCF_029407905.1_PCC_UOA_SB_1v2/GCF_029407905.1_PCC_UOA_SB_1v2_genomic.gff.gz	GCF_029407905.1	https://ftp.ncbi.nlm.nih.gov/genomes/all/GCF/029/407/905/GCF_029407905.1_PCC_UOA_SB_1v2/GCF_029407905.1_PCC_UOA_SB_1v2_genomic.fna.gz	100.0	3.1	96.9	0.0	0.0
3371112	Lyroderma lyra	06ca39025a56853a092c8e50e85cd793	https://ftp.ebi.ac.uk/pub/ensemblorganisms/GCA/004/026/885/1/ensembl/2021_01/geneset/genes.gff3.gz	GCA_004026885.1	https://ftp.ncbi.nlm.nih.gov/genomes/all/GCA/004/026/885/GCA_004026885.1_MegLyr_v1_BIUU/GCA_004026885.1_MegLyr_v1_BIUU_genomic.fna.gz	90.7	2.3	88.4	6.2	3.1
3371155	Aethalodelphis obliquidens	47acd806c7f21aa46d6283405e4baed5	https://ftp.ebi.ac.uk/pub/ensemblorganisms/GCA/003/676/395/1/ensembl/2020_08/geneset/genes.gff3.gz	GCA_003676395.1	https://ftp.ncbi.nlm.nih.gov/genomes/all/GCA/003/676/395/GCA_003676395.1_ASM367639v1/GCA_003676395.1_ASM367639v1_genomic.fna.gz	97.7	2.3	95.3	0.8	1.6
